web-scraper-order,web-scraper-start-url,link,link-href,name,price,power,standard,certificate,type,image-src
"1698053808-1","https://www.x-kom.pl/g-5/c/2493-zasilacze-komputerowe.html?hide_unavailable=1","","https://www.x-kom.pl/p/222657-zasilacz-do-komputera-thermaltake-smart-se-730w-80-plus-bronze.html","Thermaltake Smart SE 730W 80 Plus Bronze","429,00 zł","730 W","ATX","87% przy 230V oraz 20-100% obciążeniu.","Niecertyfikowany","https://cdn.x-kom.pl/i/setup/images/prod/big/product-new-big,,2021/8/pr_2021_8_27_15_21_26_308_00.jpg"
"1698053815-2","https://www.x-kom.pl/g-5/c/2493-zasilacze-komputerowe.html?hide_unavailable=1","","https://www.x-kom.pl/p/308056-zasilacz-do-komputera-chieftec-eco-500w.html","Chieftec ECO 500W","249,00 zł","500 W","ATX","85% przy 230V oraz 20-100% obciążeniu.","Niecertyfikowany","https://cdn.x-kom.pl/i/setup/images/prod/big/product-new-big,,pr_2016_5_23_17_40_21_899.jpg"
"1698053823-3","https://www.x-kom.pl/g-5/c/2493-zasilacze-komputerowe.html?hide_unavailable=1","","https://www.x-kom.pl/p/325335-zasilacz-do-komputera-modecom-volcano-650w-80-plus-bronze.html","MODECOM Volcano 650W 80 Plus Bronze","299,00 zł","650 W","ATX","85% przy 230V oraz 20-100% obciążeniu.","80 PLUS Bronze","https://cdn.x-kom.pl/i/setup/images/prod/big/product-new-big,,2021/8/pr_2021_8_31_12_30_57_236_00.jpg"
"1698053828-4","https://www.x-kom.pl/g-5/c/2493-zasilacze-komputerowe.html?hide_unavailable=1","","https://www.x-kom.pl/p/390939-zasilacz-do-komputera-chieftec-proton-750w-80-plus-bronze.html","Chieftec Proton 750W 80 Plus Bronze","479,00 zł","750 W","ATX","85% przy 230V oraz 20-100% obciążeniu.","80 PLUS Bronze","https://cdn.x-kom.pl/i/setup/images/prod/big/product-new-big,,2017/10/pr_2017_10_31_13_44_5_582_00.jpg"
"1698053833-5","https://www.x-kom.pl/g-5/c/2493-zasilacze-komputerowe.html?hide_unavailable=1","","https://www.x-kom.pl/p/401216-zasilacz-do-komputera-silverstone-sfx-450w-80-plus-bronze.html","SilverStone SFX 450W 80 Plus Bronze","319,00 zł","450 W","SFX","85-88% przy 230V oraz 20-100% obciążeniu.","80 PLUS Bronze","https://cdn.x-kom.pl/i/setup/images/prod/big/product-new-big,,2021/8/pr_2021_8_30_15_24_4_125_00.jpg"
"1698053838-6","https://www.x-kom.pl/g-5/c/2493-zasilacze-komputerowe.html?hide_unavailable=1","","https://www.x-kom.pl/p/401734-zasilacz-do-komputera-silverstone-strider-essential-700w-80-plus.html","SilverStone Strider Essential 700W 80 Plus","309,00 zł","700 W","ATX","82-85% przy 230V oraz 20-100% obciążeniu.","80 PLUS","https://cdn.x-kom.pl/i/setup/images/prod/big/product-new-big,,2021/8/pr_2021_8_30_15_23_10_149_00.jpg"
"1698053843-7","https://www.x-kom.pl/g-5/c/2493-zasilacze-komputerowe.html?hide_unavailable=1","","https://www.x-kom.pl/p/401783-zasilacz-do-komputera-silverstone-form-factor-sfx-300w-80-plus-bronze.html","SilverStone Form Factor SFX 300W 80 Plus Bronze","259,00 zł","300 W","SFX","84-87% przy 230V oraz 20-100% obciążeniu.","80 PLUS Bronze","https://cdn.x-kom.pl/i/setup/images/prod/big/product-new-big,,2021/8/pr_2021_8_30_15_21_54_19_00.jpg"
"1698053848-8","https://www.x-kom.pl/g-5/c/2493-zasilacze-komputerowe.html?hide_unavailable=1","","https://www.x-kom.pl/p/402040-zasilacz-do-komputera-thermaltake-smart-se-730w.html","Thermaltake Smart SE 730W","419,00 zł","730 W","ATX","90% przy 230V oraz 20-100% obciążeniu.","Niecertyfikowany","https://cdn.x-kom.pl/i/setup/images/prod/big/product-new-big,,2021/8/pr_2021_8_27_15_18_10_260_00.jpg"
"1698053853-9","https://www.x-kom.pl/g-5/c/2493-zasilacze-komputerowe.html?hide_unavailable=1","","https://www.x-kom.pl/p/402073-zasilacz-do-komputera-thermaltake-toughpower-550w-80-plus-gold.html","Thermaltake Toughpower 550W 80 Plus Gold","399,00 zł","550 W","ATX","87-92% przy 230V oraz 20-100% obciążeniu.","80 PLUS Gold","https://cdn.x-kom.pl/i/setup/images/prod/big/product-new-big,,2021/8/pr_2021_8_27_14_41_59_757_00.jpg"
"1698053861-10","https://www.x-kom.pl/g-5/c/2493-zasilacze-komputerowe.html?hide_unavailable=1","","https://www.x-kom.pl/p/402145-zasilacz-do-komputera-thermaltake-toughpower-grand-rgb-750w-80-plus-gold.html","Thermaltake Toughpower Grand RGB 750W 80 Plus Gold","549,00 zł","750 W","ATX","90% przy 230V oraz 20-100% obciążeniu.","80 PLUS Gold","https://cdn.x-kom.pl/i/setup/images/prod/big/product-new-big,,2020/5/pr_2020_5_27_9_17_48_81_03.jpg"
"1698053866-11","https://www.x-kom.pl/g-5/c/2493-zasilacze-komputerowe.html?hide_unavailable=1","","https://www.x-kom.pl/p/402373-zasilacz-do-komputera-thermaltake-toughpower-riing-1050w-80-plus-platinum.html","Thermaltake Toughpower Riing 1050W 80 Plus Platinum","1 199,00 zł","1050 W","ATX","92% przy 230V oraz 20-100% obciążeniu.","80 PLUS Platinum","https://cdn.x-kom.pl/i/setup/images/prod/big/product-new-big,,2021/8/pr_2021_8_27_14_59_2_871_00.jpg"
"1698053873-12","https://www.x-kom.pl/g-5/c/2493-zasilacze-komputerowe.html?hide_unavailable=1","","https://www.x-kom.pl/p/403839-zasilacz-do-komputera-thermaltake-smart-pro-rgb-850w-80-plus-bronze.html","Thermaltake Smart Pro RGB 850W 80 Plus Bronze","549,00 zł","850 W","ATX","85% przy 230V oraz 20-100% obciążeniu.","80 PLUS Bronze","https://cdn.x-kom.pl/i/setup/images/prod/big/product-new-big,,2021/8/pr_2021_8_27_13_58_42_269_00.jpg"
"1698053878-13","https://www.x-kom.pl/g-5/c/2493-zasilacze-komputerowe.html?hide_unavailable=1","","https://www.x-kom.pl/p/404267-zasilacz-do-komputera-thermaltake-smart-pro-rgb-750w-80-plus-bronze.html","Thermaltake Smart Pro RGB 750W 80 Plus Bronze","499,00 zł","750 W","ATX","85% przy 230V oraz 20-100% obciążeniu.","80 PLUS Bronze","https://cdn.x-kom.pl/i/setup/images/prod/big/product-new-big,,2021/9/pr_2021_9_6_11_44_24_412_00.jpg"
"1698053887-14","https://www.x-kom.pl/g-5/c/2493-zasilacze-komputerowe.html?hide_unavailable=1","","https://www.x-kom.pl/p/406260-zasilacz-do-komputera-silverstone-strider-1200w-80-plus-platinum.html","SilverStone Strider 1200W 80 Plus Platinum","1 499,00 zł","1200 W","ATX","89-92% przy 230V oraz 20-100% obciążeniu.","80 PLUS Platinum","https://cdn.x-kom.pl/i/setup/images/prod/big/product-new-big,,2021/8/pr_2021_8_31_7_40_27_461_00.jpg"
"1698053892-15","https://www.x-kom.pl/g-5/c/2493-zasilacze-komputerowe.html?hide_unavailable=1","","https://www.x-kom.pl/p/406283-zasilacz-do-komputera-silverstone-strider-500w-80-plus.html","SilverStone Strider 500W 80 Plus","209,00 zł","500 W","ATX","82-85% przy 230V oraz 20-100% obciążeniu.","80 PLUS","https://cdn.x-kom.pl/i/setup/images/prod/big/product-new-big,,2018/2/pr_2018_2_1_8_15_17_899_01.jpg"
"1698053901-16","https://www.x-kom.pl/g-5/c/2493-zasilacze-komputerowe.html?hide_unavailable=1","","https://www.x-kom.pl/p/406310-zasilacz-do-komputera-silverstone-strider-850w-80-plus-platinum.html","SilverStone Strider 850W 80 Plus Platinum","799,00 zł","850 W","ATX","91-93% przy 230V oraz 20-100% obciążeniu.","80 PLUS Platinum","https://cdn.x-kom.pl/i/setup/images/prod/big/product-new-big,,2021/8/pr_2021_8_31_7_37_57_828_00.jpg"
"1698053907-17","https://www.x-kom.pl/g-5/c/2493-zasilacze-komputerowe.html?hide_unavailable=1","","https://www.x-kom.pl/p/459590-zasilacz-do-komputera-be-quiet-pure-power-11-400w-80-plus-gold.html","be quiet! Pure Power 11 400W 80 Plus Gold","279,00 zł","400 W","ATX","92% przy 230V oraz 20-100% obciążeniu.","80 PLUS Gold","https://cdn.x-kom.pl/i/setup/images/prod/big/product-new-big,,2021/9/pr_2021_9_9_14_7_41_225_00.jpg"
"1698053912-18","https://www.x-kom.pl/g-5/c/2493-zasilacze-komputerowe.html?hide_unavailable=1","","https://www.x-kom.pl/p/473000-zasilacz-do-komputera-thermaltake-bx1-rgb-550w-80-plus-bronze.html","Thermaltake BX1 RGB 550W 80 Plus Bronze","269,00 zł","550 W","ATX","80 PLUS Bronze","Niemodularny","https://cdn.x-kom.pl/i/setup/images/prod/big/product-new-big,,2021/9/pr_2021_9_9_14_42_55_219_00.jpg"
"1698053917-19","https://www.x-kom.pl/g-5/c/2493-zasilacze-komputerowe.html?hide_unavailable=1","","https://www.x-kom.pl/p/509595-zasilacz-do-komputera-be-quiet-sfx-l-power-600w-80-plus-gold.html","be quiet! SFX-L POWER 600W 80 Plus Gold","589,00 zł","600 W","SFX-L","92% przy 230V oraz 20-100% obciążeniu.","80 PLUS Gold","https://cdn.x-kom.pl/i/setup/images/prod/big/product-new-big,,2021/9/pr_2021_9_9_14_30_40_29_00.jpg"
"1698053922-20","https://www.x-kom.pl/g-5/c/2493-zasilacze-komputerowe.html?hide_unavailable=1","","https://www.x-kom.pl/p/513619-zasilacz-do-komputera-super-flower-leadex-8-pack-edition-2000w-80-plus-platinum.html","Super Flower Leadex 8 Pack Edition 2000W 80 Plus Platinum","2 599,00 zł","2000 W","ATX","90-94% przy 230V oraz 20-100% obciążeniu.","80 PLUS Platinum","https://cdn.x-kom.pl/i/setup/images/prod/big/product-new-big,,2019/9/pr_2019_9_4_11_48_21_661_03.jpg"
"1698053928-21","https://www.x-kom.pl/g-5/c/2493-zasilacze-komputerowe.html?hide_unavailable=1","","https://www.x-kom.pl/p/514786-zasilacz-do-komputera-seasonic-focus-px-650w-80-plus-platinum.html","Seasonic Focus PX 650W 80 Plus Platinum","649,00 zł","650 W","ATX","92-94% przy 230V oraz 20-100% obciążeniu.","80 PLUS Platinum","https://cdn.x-kom.pl/i/setup/images/prod/big/product-new-big,,2021/8/pr_2021_8_30_14_53_52_506_00.jpg"
"1698053935-22","https://www.x-kom.pl/g-5/c/2493-zasilacze-komputerowe.html?hide_unavailable=1","","https://www.x-kom.pl/p/516625-zasilacz-do-komputera-phanteks-amp-550w-80-plus-gold.html","Phanteks AMP 550W 80 Plus Gold","419,00 zł","550 W","ATX","89-92% przy 230V oraz 20-100% obciążeniu.","80 PLUS Gold","https://cdn.x-kom.pl/i/setup/images/prod/big/product-new-big,,2019/9/pr_2019_9_17_12_28_22_199_00.jpg"
"1698053943-23","https://www.x-kom.pl/g-5/c/2493-zasilacze-komputerowe.html?hide_unavailable=1","","https://www.x-kom.pl/p/519973-zasilacz-do-komputera-thermaltake-smart-se2-700w.html","Thermaltake Smart SE2 700W","319,00 zł","700 W","ATX","87% przy 230V oraz 20-100% obciążeniu.","Pół modularny","https://cdn.x-kom.pl/i/setup/images/prod/big/product-new-big,,2021/9/pr_2021_9_9_14_32_4_422_00.jpg"
"1698053951-24","https://www.x-kom.pl/g-5/c/2493-zasilacze-komputerowe.html?hide_unavailable=1","","https://www.x-kom.pl/p/524445-zasilacz-do-komputera-xpg-core-reactor-650w-80-plus-gold.html","XPG Core Reactor 650W 80 Plus Gold","529,00 zł","650 W","ATX","88% przy 230V oraz 20-100% obciążeniu.","80 PLUS Gold","https://cdn.x-kom.pl/i/setup/images/prod/big/product-new-big,,2019/10/pr_2019_10_31_10_31_21_143_05.jpg"
"1698053957-25","https://www.x-kom.pl/g-5/c/2493-zasilacze-komputerowe.html?hide_unavailable=1","","https://www.x-kom.pl/p/526182-zasilacz-do-komputera-seasonic-prime-tx-850w-80-plus-titanium.html","Seasonic Prime TX 850W 80 Plus Titanium","1 199,00 zł","850 W","ATX","94-96% przy 230V oraz 20-100% obciążeniu.","80 PLUS Titanium","https://cdn.x-kom.pl/i/setup/images/prod/big/product-new-big,,2019/11/pr_2019_11_14_13_56_41_892_00.jpg"
"1698053962-26","https://www.x-kom.pl/g-5/c/2493-zasilacze-komputerowe.html?hide_unavailable=1","","https://www.x-kom.pl/p/581648-zasilacz-do-komputera-kolink-kl-1000m-1000w-80-plus-bronze.html","Kolink KL-1000M 1000W 80 Plu` Bronze","399,00 zł","1000 W","ATX","82-85% przy 230V oraz 20-100% obciążeniu.","80 PLUS Bronze","https://cdn.x-kom.pl/i/setup/images/prod/big/product-new-big,,2020/7/pr_2020_7_28_12_30_4_184_00.jpg"
"1698053967-27","https://www.x-kom.pl/g-5/c/2493-zasilacze-komputerowe.html?hide_unavailable=1","","https://www.x-kom.pl/p/592519-zasilacz-do-komputera-chieftec-iarena-series-350w.html","Chieftec iArena Series 350W","169,00 zł","350 W","ATX","85% przy 230V oraz 20-100% obciążeniu.","Niemodularny","https://cdn.x-kom.pl/i/setup/images/prod/big/product-new-big,,2020/9/pr_2020_9_23_10_23_29_631_03.jpg"
"1698053972-28","https://www.x-kom.pl/g-5/c/2493-zasilacze-komputerowe.html?hide_unavailable=1","","https://www.x-kom.pl/p/592586-zasilacz-do-komputera-chieftec-proton-850w-80-plus-bronze.html","Chieftec Proton 850W 80 Plus Bronze","599,00 zł","850 W","ATX","85% przy 230V oraz 20-100% obciążeniu.","80 PLUS Bronze","https://cdn.x-kom.pl/i/setup/images/prod/big/product-new-big,,2021/8/pr_2021_8_30_14_10_26_926_00.jpg"
"1698053977-29","https://www.x-kom.pl/g-5/c/2493-zasilacze-komputerowe.html?hide_unavailable=1","","https://www.x-kom.pl/p/595189-zasilacz-do-komputera-asus-rog-strix-850w-80-plus-gold.html","ASUS ROG Strix 850W 80 Plus Gold","799,00 zł","850 W","ATX","90% przy 230V oraz 20-100% obciążeniu.","80 PLUS Gold","https://cdn.x-kom.pl/i/setup/images/prod/big/product-new-big,,2021/9/pr_2021_9_6_11_28_3_165_00.jpg"
"1698053985-30","https://www.x-kom.pl/g-5/c/2493-zasilacze-komputerowe.html?hide_unavailable=1","","https://www.x-kom.pl/p/598102-zasilacz-do-komputera-xpg-pylon-550w-80-plus-bronze.html","XPG Pylon 550W 80 Plus Bronze","249,00 zł","550 W","ATX","82-85% przy 230V oraz 20-100% obciążeniu.","80 PLUS Bronze","https://cdn.x-kom.pl/i/setup/images/prod/big/product-new-big,,2020/10/pr_2020_10_19_17_3_33_520_00.jpg"
"1698053992-31","https://www.x-kom.pl/g-5/c/2493-zasilacze-komputerowe.html?hide_unavailable=1","","https://www.x-kom.pl/p/626743-zasilacz-do-komputera-thermaltake-smart-bx1-450w-80-plus-bronze.html","Thermaltake Smart BX1 450W 80 Plus Bronze","229,00 zł","450 W","ATX","85-88% przy 230V oraz 20-100% obciążeniu.","80 PLUS Bronze","https://cdn.x-kom.pl/i/setup/images/prod/big/product-new-big,,2021/2/pr_2021_2_15_10_5_25_296_00.jpg"
"1698053997-32","https://www.x-kom.pl/g-5/c/2493-zasilacze-komputerowe.html?hide_unavailable=1","","https://www.x-kom.pl/p/627170-zasilacz-do-komputera-seasonic-connect-750fa-750w-80-plus-gold.html","Seasonic Connect 750FA 750W 80 Plus Gold","749,00 zł","750 W","ATX","90% przy 230V oraz 20-100% obciążeniu.","80 PLUS Gold","https://cdn.x-kom.pl/i/setup/images/prod/big/product-new-big,,2021/2/pr_2021_2_13_8_23_38_864_01.jpg"
"1698054002-33","https://www.x-kom.pl/g-5/c/2493-zasilacze-komputerowe.html?hide_unavailable=1","","https://www.x-kom.pl/p/627425-zasilacz-do-komputera-thermaltake-toughpower-gf1-750w-80-plus-gold.html","Thermaltake Toughpower GF1 750W 80 Plus Gold","549,00 zł","750 W","ATX","90% przy 230V oraz 20-100% obciążeniu.","80 PLUS Gold","https://cdn.x-kom.pl/i/setup/images/prod/big/product-new-big,,2021/2/pr_2021_2_13_7_34_44_435_04.jpg"
"1698054008-34","https://www.x-kom.pl/g-5/c/2493-zasilacze-komputerowe.html?hide_unavailable=1","","https://www.x-kom.pl/p/627428-zasilacz-do-komputera-thermaltake-toughpower-grand-rgb-750w-80-plus-gold.html","Thermaltake Toughpower Grand RGB 750W 80 Plus Gold","549,00 zł","750 W","ATX","90% przy 230V oraz 20-100% obciążeniu.","80 PLUS Gold","https://cdn.x-kom.pl/i/setup/images/prod/big/product-new-big,,2021/2/pr_2021_2_13_7_50_0_244_03.jpg"
"1698054014-35","https://www.x-kom.pl/g-5/c/2493-zasilacze-komputerowe.html?hide_unavailable=1","","https://www.x-kom.pl/p/627472-zasilacz-do-komputera-seasonic-focus-gx-1000w-80-plus-gold.html","Seasonic Focus GX 1000W 80 Plus Gold","899,00 zł","1000 W","ATX","90% przy 230V oraz 20-100% obciążeniu.","80 PLUS Gold","https://cdn.x-kom.pl/i/setup/images/prod/big/product-new-big,,2021/2/pr_2021_2_13_8_10_28_832_02.jpg"
"1698054019-36","https://www.x-kom.pl/g-5/c/2493-zasilacze-komputerowe.html?hide_unavailable=1","","https://www.x-kom.pl/p/642012-zasilacz-do-komputera-aerocool-lux-rgb-650w-80-plus-bronze.html","AeroCool Lux RGB 650W 80 Plus Bronze","285,00 zł","650 W","ATX","80-88% przy 230V oraz 20-100% obciążeniu.","80 PLUS Bronze","https://cdn.x-kom.pl/i/setup/images/prod/big/product-new-big,,2021/3/pr_2021_3_29_14_8_17_789_04.jpg"
"1698054026-37","https://www.x-kom.pl/g-5/c/2493-zasilacze-komputerowe.html?hide_unavailable=1","","https://www.x-kom.pl/p/642015-zasilacz-do-komputera-aerocool-pgs-vx-550w-80-plus.html","AeroCool PGS VX 550W 80 Plus","199,00 zł","550 W","ATX","79-81% przy 230V oraz 20-100% obciążeniu.","80 PLUS","https://cdn.x-kom.pl/i/setup/images/prod/big/product-new-big,,2021/3/pr_2021_3_25_13_43_29_896_06.jpg"
"1698054031-38","https://www.x-kom.pl/g-5/c/2493-zasilacze-komputerowe.html?hide_unavailable=1","","https://www.x-kom.pl/p/642110-zasilacz-do-komputera-seasonic-prime-fanless-px-500w-80-plus-platinum.html","Seasonic Prime Fanless PX 500W 80 Plus Platinum","849,00 zł","500 W","ATX","90-94% przy 230V oraz 20-100% obciążeniu.","80 PLUS Platinum","https://cdn.x-kom.pl/i/setup/images/prod/big/product-new-big,,2021/4/pr_2021_4_2_9_15_38_516_00.jpg"
"1698054038-39","https://www.x-kom.pl/g-5/c/2493-zasilacze-komputerowe.html?hide_unavailable=1","","https://www.x-kom.pl/p/642412-zasilacz-do-komputera-kolink-continuum-1050w-80-plus-platinum.html","Kolink Continuum 1050W 80 Plus Platinum","899,00 zł","1050 W","ATX","89-92% przy 230V oraz 20-100% obciążeniu.","80 PLUS Platinum","https://cdn.x-kom.pl/i/setup/images/prod/big/product-new-big,,2021/8/pr_2021_8_31_13_27_42_522_00.jpg"
"1698054043-40","https://www.x-kom.pl/g-5/c/2493-zasilacze-komputerowe.html?hide_unavailable=1","","https://www.x-kom.pl/p/642522-zasilacz-do-komputera-silverstone-sx-1000w-80-plus-platinum.html","SilverStone SX 1000W 80 Plus Platinum","1 399,00 zł","1000 W","SFX-L","89-92% przy 230V oraz 20-100% obciążeniu.","80 PLUS Platinum","https://cdn.x-kom.pl/i/setup/images/prod/big/product-new-big,,2021/8/pr_2021_8_30_14_58_41_742_00.jpg"
"1698054069-44","https://www.x-kom.pl/g-5/c/2493-zasilacze-komputerowe.html?hide_unavailable=1","","https://www.x-kom.pl/p/647166-zasilacz-do-komputera-azza-psaz-550w-80-plus-bronze.html","Azza PSAZ 550W 80 Plus Bronze","209,00 zł","550 W","ATX","80 PLUS Bronze","Niemodularny","https://cdn.x-kom.pl/i/setup/images/prod/big/product-new-big,,2021/4/pr_2021_4_19_17_3_29_567_00.jpg"
"1698054075-45","https://www.x-kom.pl/g-5/c/2493-zasilacze-komputerowe.html?hide_unavailable=1","","https://www.x-kom.pl/p/647173-zasilacz-do-komputera-azza-psaz-750w-80-plus-gold.html","Azza PSAZ 750W 80 Plus Gold","449,00 zł","750 W","ATX","80 PLUS Gold","Modularny","https://cdn.x-kom.pl/i/setup/images/prod/big/product-new-big,,2021/4/pr_2021_4_26_12_28_23_565_02.jpg"
"1698054081-46","https://www.x-kom.pl/g-5/c/2493-zasilacze-komputerowe.html?hide_unavailable=1","","https://www.x-kom.pl/p/647174-zasilacz-do-komputera-azza-psaz-850w-80-plus-gold.html","Azza PSAZ 850W 80 Plus Gold","499,00 zł","850 W","ATX","80 PLUS Gold","Modularny","https://cdn.x-kom.pl/i/setup/images/prod/big/product-new-big,,2021/4/pr_2021_4_26_12_58_52_810_03.jpg"
"1698054087-47","https://www.x-kom.pl/g-5/c/2493-zasilacze-komputerowe.html?hide_unavailable=1","","https://www.x-kom.pl/p/647708-zasilacz-do-komputera-be-quiet-tfx-power-3-300w-80-plus-bronze.html","be quiet! TFX Power 3 300W 80 Plus Bronze","269,00 zł","300 W","TFX","80 PLUS Bronze","Niemodularny","https://cdn.x-kom.pl/i/setup/images/prod/big/product-new-big,,2021/9/pr_2021_9_6_11_55_52_192_00.jpg"
"1698054093-48","https://www.x-kom.pl/g-5/c/2493-zasilacze-komputerowe.html?hide_unavailable=1","","https://www.x-kom.pl/p/648149-zasilacz-do-komputera-kolink-core-rgb-600w-80-plus.html","Kolink Core RGB 600W  80 PLUS","219,00 zł","600 W","ATX","80% przy 230V oraz 20-100% obciążeniu.","80 PLUS","https://cdn.x-kom.pl/i/setup/images/prod/big/product-new-big,,2021/5/pr_2021_5_10_16_45_20_227_00.jpg"
"1698054103-49","https://www.x-kom.pl/g-5/c/2493-zasilacze-komputerowe.html?hide_unavailable=1","","https://www.x-kom.pl/p/648214-zasilacz-do-komputera-silverstone-da750-750w-80-plus-gold.html","SilverStone DA750 750W 80 Plus Gold","649,00 zł","750 W","ATX","87-90% przy 230V oraz 20-100% obciążeniu.","80 PLUS Gold","https://cdn.x-kom.pl/i/setup/images/prod/big/product-new-big,,2021/8/pr_2021_8_30_15_16_0_22_00.jpg"
"1698054114-50","https://www.x-kom.pl/g-5/c/2493-zasilacze-komputerowe.html?hide_unavailable=1","","https://www.x-kom.pl/p/651956-zasilacz-do-komputera-lc-power-lc420h-420w.html","LC POWER LC420H 420W","139,00 zł","420 W","ATX","120 mm","Pasywny","https://cdn.x-kom.pl/i/setup/images/prod/big/product-new-big,,2021/5/pr_2021_5_6_13_9_57_173_00.jpg"
"1698054119-51","https://www.x-kom.pl/g-5/c/2493-zasilacze-komputerowe.html?hide_unavailable=1","","https://www.x-kom.pl/p/651963-zasilacz-do-komputera-lc-power-lc500h-500w.html","LC POWER LC500H 500W","179,00 zł","500 W","ATX","120 mm","Aktywny","https://cdn.x-kom.pl/i/setup/images/prod/big/product-new-big,,2021/5/pr_2021_5_6_14_13_46_178_00.jpg"
"1698054126-52","https://www.x-kom.pl/g-5/c/2493-zasilacze-komputerowe.html?hide_unavailable=1","","https://www.x-kom.pl/p/652291-zasilacz-do-komputera-fsp-fortron-hydro-pro-850w-80-plus-platinum.html","FSP/Fortron Hydro PRO 850W 80 Plus Platinum","719,00 zł","850 W","ATX","92% przy 230V oraz 20-100% obciążeniu.","80 PLUS Platinum","https://cdn.x-kom.pl/i/setup/images/prod/big/product-new-big,,2021/6/pr_2021_6_4_8_55_1_487_00.jpg"
"1698054133-53","https://www.x-kom.pl/g-5/c/2493-zasilacze-komputerowe.html?hide_unavailable=1","","https://www.x-kom.pl/p/655299-zasilacz-do-komputera-thermaltake-toughpower-gf1-argb-750w-80-plus-gold.html","Thermaltake Toughpower GF1 ARGB 750W 80 Plus Gold","699,00 zł","750 W","ATX","90% przy 230V oraz 20-100% obciążeniu.","80 PLUS Gold","https://cdn.x-kom.pl/i/setup/images/prod/big/product-new-big,,2021/9/pr_2021_9_1_11_6_22_53_04.jpg"
"1698054141-54","https://www.x-kom.pl/g-5/c/2493-zasilacze-komputerowe.html?hide_unavailable=1","","https://www.x-kom.pl/p/655303-zasilacz-do-komputera-thermaltake-toughpower-pf1-750w-80-plus-platinum.html","Thermaltake Toughpower PF1 750W 80 Plus Platinum","699,00 zł","750 W","ATX","92% przy 230V oraz 20-100% obciążeniu.","80 PLUS Platinum","https://cdn.x-kom.pl/i/setup/images/prod/big/product-new-big,,2021/9/pr_2021_9_1_10_43_37_604_04.jpg"
"1698054147-55","https://www.x-kom.pl/g-5/c/2493-zasilacze-komputerowe.html?hide_unavailable=1","","https://www.x-kom.pl/p/655310-zasilacz-do-komputera-thermaltake-toughpower-pf1-850w-80-plus-platinum.html","Thermaltake Toughpower PF1 850W 80 Plus Platinum","799,00 zł","850 W","ATX","92% przy 230V oraz 20-100% obciążeniu.","80 PLUS Platinum","https://cdn.x-kom.pl/i/setup/images/prod/big/product-new-big,,2021/9/pr_2021_9_1_11_22_15_854_00.jpg"
"1698054153-56","https://www.x-kom.pl/g-5/c/2493-zasilacze-komputerowe.html?hide_unavailable=1","","https://www.x-kom.pl/p/665887-zasilacz-do-komputera-sharkoon-silentstorm-coolzero-750w-80-plus-gold.html","Sharkoon SilentStorm CoolZero 750W 80 Plus Gold","499,00 zł","750 W","ATX","87-90% przy 230V oraz 20-100% obciążeniu.","80 PLUS Gold","https://cdn.x-kom.pl/i/setup/images/prod/big/product-new-big,,2021/7/pr_2021_7_2_7_17_23_619_00.jpg"
"1698054159-57","https://www.x-kom.pl/g-5/c/2493-zasilacze-komputerowe.html?hide_unavailable=1","","https://www.x-kom.pl/p/665895-zasilacz-do-komputera-sharkoon-silentstorm-coolzero-650w-80-plus-gold.html","Sharkoon SilentStorm CoolZero 650W 80 Plus Gold","449,00 zł","650 W","ATX","87-90% przy 230V oraz 20-100% obciążeniu.","80 PLUS Gold","https://cdn.x-kom.pl/i/setup/images/prod/big/product-new-big,,2021/7/pr_2021_7_2_7_17_23_619_00.jpg"
"1698054168-58","https://www.x-kom.pl/g-5/c/2493-zasilacze-komputerowe.html?hide_unavailable=1","","https://www.x-kom.pl/p/666444-zasilacz-do-komputera-lian-li-sp750-750w-80-plus-gold.html","Lian Li SP750 750W 80 Plus Gold","599,00 zł","750 W","SFX","89-92% przy 230V oraz 20-100% obciążeniu.","80 PLUS Gold","https://cdn.x-kom.pl/i/setup/images/prod/big/product-new-big,,2021/7/pr_2021_7_5_12_43_39_32_00.jpg"
"1698054173-59","https://www.x-kom.pl/g-5/c/2493-zasilacze-komputerowe.html?hide_unavailable=1","","https://www.x-kom.pl/p/667422-zasilacz-serwerowy-qoltec-pci-e-smart-1600w.html","Qoltec PCI-E Smart 1600W","459,00 zł","1600 W","PCI-E","80 PLUS Gold","Niemodularny","https://cdn.x-kom.pl/i/setup/images/prod/big/product-new-big,,2021/7/pr_2021_7_8_13_19_59_664_02.jpg"
"1698054180-60","https://www.x-kom.pl/g-5/c/2493-zasilacze-komputerowe.html?hide_unavailable=1","","https://www.x-kom.pl/p/668525-zasilacz-do-komputera-1stcool-economic-350w.html","1stCOOl ECONOMIC 350W","99,00 zł","","","","","https://cdn.x-kom.pl/i/setup/images/prod/big/product-new-big,,2021/9/pr_2021_9_6_11_50_38_4_00.jpg"
"1698054187-61","https://www.x-kom.pl/g-5/c/2493-zasilacze-komputerowe.html?hide_unavailable=1","","https://www.x-kom.pl/p/668543-zasilacz-do-komputera-1stcool-golden-worker-750w-80-plus-gold-bulk.html","1stCOOl Golden Worker 750W 80 Plus Gold BULK","419,00 zł","750 W","ATX","90% przy 230V oraz 20-100% obciążeniu.","80 PLUS Gold","https://cdn.x-kom.pl/i/setup/images/prod/big/product-new-big,,2021/8/pr_2021_8_31_14_51_28_65_00.jpg"
"1698054193-62","https://www.x-kom.pl/g-5/c/2493-zasilacze-komputerowe.html?hide_unavailable=1","","https://www.x-kom.pl/p/668563-zasilacz-do-komputera-evolveo-pulse-350w.html","Evolveo Pulse 350W","119,00 zł","350 W","ATX","Niecertyfikowany","Niemodularny","https://cdn.x-kom.pl/i/setup/images/prod/big/product-new-big,,2021/7/pr_2021_7_14_15_16_12_106_03.jpg"
"1698054198-63","https://www.x-kom.pl/g-5/c/2493-zasilacze-komputerowe.html?hide_unavailable=1","","https://www.x-kom.pl/p/668602-zasilacz-do-komputera-evolveo-pulse-450w.html","Evolveo Pulse 450W","149,00 zł","450 W","ATX","Niecertyfikowany","Niemodularny","https://cdn.x-kom.pl/i/setup/images/prod/big/product-new-big,,2021/7/pr_2021_7_14_15_44_24_45_03.jpg"
"1698054205-64","https://www.x-kom.pl/g-5/c/2493-zasilacze-komputerowe.html?hide_unavailable=1","","https://www.x-kom.pl/p/668605-zasilacz-do-komputera-evolveo-fx500-500w-80-plus.html","Evolveo FX500 500W 80 Plus","199,00 zł","500 W","ATX","82-85% przy 230V oraz 20-100% obciążeniu.","80 PLUS","https://cdn.x-kom.pl/i/setup/images/prod/big/product-new-big,,2021/7/pr_2021_7_14_14_42_23_612_02.jpg"
"1698054211-65","https://www.x-kom.pl/g-5/c/2493-zasilacze-komputerowe.html?hide_unavailable=1","","https://www.x-kom.pl/p/668608-zasilacz-do-komputera-evolveo-fx550-550w-80-plus.html","Evolveo FX550 550W 80 Plus","209,00 zł","550 W","ATX","82-85% przy 230V oraz 20-100% obciążeniu.","80 PLUS","https://cdn.x-kom.pl/i/setup/images/prod/big/product-new-big,,2021/7/pr_2021_7_14_14_55_36_50_01.jpg"
"1698054216-66","https://www.x-kom.pl/g-5/c/2493-zasilacze-komputerowe.html?hide_unavailable=1","","https://www.x-kom.pl/p/668651-zasilacz-do-komputera-crono-ps500-500w.html","Crono PS500 500W","189,00 zł","500 W","ATX","Niecertyfikowany","Niemodularny","https://cdn.x-kom.pl/i/setup/images/prod/big/product-new-big,,2021/8/pr_2021_8_17_12_14_40_355_01.jpg"
"1698054223-67","https://www.x-kom.pl/g-5/c/2493-zasilacze-komputerowe.html?hide_unavailable=1","","https://www.x-kom.pl/p/669030-zasilacz-do-komputera-thermaltake-toughpower-gf1-650w-80-plus-gold.html","Thermaltake Toughpower GF1 650W 80 Plus Gold","499,00 zł","650 W","ATX","90% przy 230V oraz 20-100% obciążeniu.","80 PLUS Gold","https://cdn.x-kom.pl/i/setup/images/prod/big/product-new-big,,2021/7/pr_2021_7_19_14_24_16_927_03.jpg"
"1698054229-68","https://www.x-kom.pl/g-5/c/2493-zasilacze-komputerowe.html?hide_unavailable=1","","https://www.x-kom.pl/p/670628-akcesorium-do-zasilacza-kolink-dual-multi-adapter.html","Kolink Dual Multi Adapter","49,00 zł","Adaptery","Zasilający","","","https://cdn.x-kom.pl/i/setup/images/prod/big/product-new-big,,2021/7/pr_2021_7_27_12_40_27_813_00.jpg"
"1698054235-69","https://www.x-kom.pl/g-5/c/2493-zasilacze-komputerowe.html?hide_unavailable=1","","https://www.x-kom.pl/p/670740-zasilacz-do-komputera-akyga-basic-700w.html","Akyga Basic 700W","169,00 zł","700 W","ATX",">70% przy 230V oraz 20-100% obciążeniu.","Niecertyfikowany","https://cdn.x-kom.pl/i/setup/images/prod/big/product-new-big,,2021/8/pr_2021_8_31_11_37_24_777_00.jpg"
"1698054241-70","https://www.x-kom.pl/g-5/c/2493-zasilacze-komputerowe.html?hide_unavailable=1","","https://www.x-kom.pl/p/670745-zasilacz-do-komputera-akyga-basic-950w.html","Akyga Basic 950W","249,00 zł","950 W","ATX",">70% przy 230V oraz 20-100% obciążeniu.","Niecertyfikowany","https://cdn.x-kom.pl/i/setup/images/prod/big/product-new-big,,2021/8/pr_2021_8_31_11_29_26_878_00.jpg"
"1698054247-71","https://www.x-kom.pl/g-5/c/2493-zasilacze-komputerowe.html?hide_unavailable=1","","https://www.x-kom.pl/p/670856-zasilacz-do-komputera-akyga-ultimate-1250w-80-plus-gold.html","Akyga Ultimate 1250W 80 Plus Gold","549,00 zł","1250 W","ATX",">90% przy 230V oraz 20-100% obciążeniu","80 PLUS Gold","https://cdn.x-kom.pl/i/setup/images/prod/big/product-new-big,,2021/7/pr_2021_7_28_9_0_37_746_00.jpg"
"1698054253-72","https://www.x-kom.pl/g-5/c/2493-zasilacze-komputerowe.html?hide_unavailable=1","","https://www.x-kom.pl/p/686373-zasilacz-do-komputera-eurocase-pico-150w.html","EuroCase Pico 150W","169,00 zł","150 W","92% przy 230V oraz 20-100% obciążeniu.","","","https://cdn.x-kom.pl/i/setup/images/prod/big/product-new-big,,2021/10/pr_2021_10_15_10_0_26_998_00.jpg"
"1698054259-73","https://www.x-kom.pl/g-5/c/2493-zasilacze-komputerowe.html?hide_unavailable=1","","https://www.x-kom.pl/p/686375-zasilacz-do-komputera-eurocase-pico-90w.html","EuroCase Pico 90W","119,00 zł","90 W","92% przy 230V oraz 20-100% obciążeniu.","","","https://cdn.x-kom.pl/i/setup/images/prod/big/product-new-big,,2021/10/pr_2021_10_14_8_5_8_610_00.jpg"
"1698054265-74","https://www.x-kom.pl/g-5/c/2493-zasilacze-komputerowe.html?hide_unavailable=1","","https://www.x-kom.pl/p/687016-zasilacz-do-komputera-seasonic-g12-850w-80-plus-gold.html","Seasonic G12 850W 80 Plus Gold","499,00 zł","850 W","ATX","87-90% przy 230V oraz 20-100% obciążeniu.","80 PLUS Gold","https://cdn.x-kom.pl/i/setup/images/prod/big/product-new-big,,2021/10/pr_2021_10_11_13_35_40_943_02.jpg"
"1698054272-75","https://www.x-kom.pl/g-5/c/2493-zasilacze-komputerowe.html?hide_unavailable=1","","https://www.x-kom.pl/p/690173-zasilacz-do-komputera-fractal-design-ion-2-560w-80-plus-platinum.html","Fractal Design Ion+ 2 560W 80 Plus Platinum","599,00 zł","560 W","ATX","80 PLUS Platinum","Modularny","https://cdn.x-kom.pl/i/setup/images/prod/big/product-new-big,,2021/10/pr_2021_10_19_7_30_30_884_02.jpg"
"1698054279-76","https://www.x-kom.pl/g-5/c/2493-zasilacze-komputerowe.html?hide_unavailable=1","","https://www.x-kom.pl/p/690176-zasilacz-do-komputera-fractal-design-ion-2-660w-80-plus-platinum.html","Fractal Design Ion+ 2 660W 80 Plus Platinum","699,00 zł","660 W","ATX","80 PLUS Platinum","Modularny","https://cdn.x-kom.pl/i/setup/images/prod/big/product-new-big,,2021/10/pr_2021_10_19_7_40_18_10_02.jpg"
"1698054354-88","https://www.x-kom.pl/g-5/c/2493-zasilacze-komputerowe.html?hide_unavailable=1","","https://www.x-kom.pl/p/708117-zasilacz-do-komputera-fsp-fortron-hydro-g-pro-750w-80-plus-gold.html","FSP/Fortron HYDRO G PRO 750W 80 Plus Gold","599,00 zł","750 W","ATX","90% przy 230V oraz 20-100% obciążeniu.","80 PLUS Gold","https://cdn.x-kom.pl/i/setup/images/prod/big/product-new-big,,2021/12/pr_2021_12_23_12_2_37_334_01.jpg"
"1698054361-89","https://www.x-kom.pl/g-5/c/2493-zasilacze-komputerowe.html?hide_unavailable=1","","https://www.x-kom.pl/p/708118-zasilacz-do-komputera-fsp-fortron-hydro-g-pro-850w-80-plus-gold.html","FSP/Fortron HYDRO G PRO 850W 80 Plus Gold","599,00 zł","850 W","ATX","90% przy 230V oraz 20-100% obciążeniu.","80 PLUS Gold","https://cdn.x-kom.pl/i/setup/images/prod/big/product-new-big,,2021/12/pr_2021_12_23_12_2_37_334_01.jpg"
"1698054367-90","https://www.x-kom.pl/g-5/c/2493-zasilacze-komputerowe.html?hide_unavailable=1","","https://www.x-kom.pl/p/708123-zasilacz-do-komputera-fsp-fortron-hydro-g-pro-650w-80-plus-gold.html","FSP/Fortron HYDRO G PRO 650W 80 Plus Gold","499,00 zł","650 W","ATX","90% przy 230V oraz 20-100% obciążeniu.","80 PLUS Gold","https://cdn.x-kom.pl/i/setup/images/prod/big/product-new-big,,2021/12/pr_2021_12_23_12_2_37_334_01.jpg"
"1698054376-91","https://www.x-kom.pl/g-5/c/2493-zasilacze-komputerowe.html?hide_unavailable=1","","https://www.x-kom.pl/p/723049-zasilacz-do-komputera-chieftec-polaris-1250w-80-plus-gold.html","Chieftec Polaris 1250W 80 Plus Gold","849,00 zł","1250 W","ATX","80 PLUS Gold","Modularny","https://cdn.x-kom.pl/i/setup/images/prod/big/product-new-big,,2022/2/pr_2022_2_14_11_45_53_571_01.jpg"
"1698054381-92","https://www.x-kom.pl/g-5/c/2493-zasilacze-komputerowe.html?hide_unavailable=1","","https://www.x-kom.pl/p/723871-zasilacz-do-komputera-thermaltake-irgb-1200w-80-plus-platinum.html","Thermaltake iRGB 1200W 80 Plus Platinum","1 399,00 zł","1200 W","ATX","94% przy 230V oraz 20-100% obciążeniu.","80 PLUS Platinum","https://cdn.x-kom.pl/i/setup/images/prod/big/product-new-big,,2022/2/pr_2022_2_16_13_12_39_596_06.jpg"
"1698054387-93","https://www.x-kom.pl/g-5/c/2493-zasilacze-komputerowe.html?hide_unavailable=1","","https://www.x-kom.pl/p/723874-zasilacz-do-komputera-thermaltake-toughpower-gf2-argb-750w-80-plus-gold.html","Thermaltake ToughPower GF2 ARGB 750W 80 Plus Gold","699,00 zł","750 W","ATX","80 PLUS Gold","Modularny","https://cdn.x-kom.pl/i/setup/images/prod/big/product-new-big,,2022/2/pr_2022_2_16_12_36_59_917_05.jpg"
"1698054393-94","https://www.x-kom.pl/g-5/c/2493-zasilacze-komputerowe.html?hide_unavailable=1","","https://www.x-kom.pl/p/723876-zasilacz-do-komputera-thermaltake-toughpower-gf2-argb-850w-80-plus-gold.html","Thermaltake ToughPower GF2 ARGB 850W 80 Plus Gold","749,00 zł","850 W","ATX","90% przy 230V oraz 20-100% obciążeniu.","80 PLUS Gold","https://cdn.x-kom.pl/i/setup/images/prod/big/product-new-big,,2022/2/pr_2022_2_16_12_46_19_736_05.jpg"
"1698054398-95","https://www.x-kom.pl/g-5/c/2493-zasilacze-komputerowe.html?hide_unavailable=1","","https://www.x-kom.pl/p/723886-zasilacz-do-komputera-thermaltake-toughpower-gf1-argb-650w-80-plus-gold.html","Thermaltake ToughPower GF1 ARGB 650W 80 Plus Gold","599,00 zł","650 W","ATX","90% przy 230V oraz 20-100% obciążeniu.","80 PLUS Gold","https://cdn.x-kom.pl/i/setup/images/prod/big/product-new-big,,2022/2/pr_2022_2_16_12_55_16_932_05.jpg"
"1698054405-96","https://www.x-kom.pl/g-5/c/2493-zasilacze-komputerowe.html?hide_unavailable=1","","https://www.x-kom.pl/p/728973-zasilacz-do-komputera-qoltec-gaming-miner-1600w-80-plus-platinum.html","Qoltec Gaming Miner 1600W 80 Plus Platinum","699,00 zł","1600 W","ATX","80 PLUS Platinum","Niemodularny","https://cdn.x-kom.pl/i/setup/images/prod/big/product-new-big,,2022/3/pr_2022_3_30_10_7_18_393_02.jpg"
"1698054413-97","https://www.x-kom.pl/g-5/c/2493-zasilacze-komputerowe.html?hide_unavailable=1","","https://www.x-kom.pl/p/728975-zasilacz-do-komputera-qoltec-gaming-miner-1800w-80-plus-platinum.html","Qoltec Gaming Miner 1800W 80 Plus Platinum","799,00 zł","1800 W","ATX","80 PLUS Platinum","Niemodularny","https://cdn.x-kom.pl/i/setup/images/prod/big/product-new-big,,2022/3/pr_2022_3_30_9_55_2_221_02.jpg"
"1698054418-98","https://www.x-kom.pl/g-5/c/2493-zasilacze-komputerowe.html?hide_unavailable=1","","https://www.x-kom.pl/p/728982-zasilacz-do-komputera-qoltec-pci-e-smart-1800w-80-plus-platinum.html","Qoltec PCI-E Smart 1800W 80 Plus Platinum","499,00 zł","1800 W","ATX","80 PLUS Platinum","Niemodularny","https://cdn.x-kom.pl/i/setup/images/prod/big/product-new-big,,2022/3/pr_2022_3_30_10_39_8_751_02.jpg"
"1698054425-99","https://www.x-kom.pl/g-5/c/2493-zasilacze-komputerowe.html?hide_unavailable=1","","https://www.x-kom.pl/p/728987-zasilacz-do-komputera-qoltec-pci-e-smart-1850w-80-plus-platinum.html","Qoltec PCI-E Smart 1850W 80 Plus Platinum","549,00 zł","1850 W","ATX","80 PLUS Platinum","Niemodularny","https://cdn.x-kom.pl/i/setup/images/prod/big/product-new-big,,2022/3/pr_2022_3_30_10_25_41_270_02.jpg"
"1698054430-100","https://www.x-kom.pl/g-5/c/2493-zasilacze-komputerowe.html?hide_unavailable=1","","https://www.x-kom.pl/p/741595-zasilacz-do-komputera-cooler-master-xg-plus-850w-80-plus-platinum.html","Cooler Master XG Plus 850W 80 Plus Platinum","1 249,00 zł","850 W","ATX","92% przy 230V oraz 20-100% obciążeniu.","80 PLUS Platinum","https://cdn.x-kom.pl/i/setup/images/prod/big/product-new-big,,2022/5/pr_2022_5_10_14_12_21_420_00.jpg"
"1698054437-101","https://www.x-kom.pl/g-5/c/2493-zasilacze-komputerowe.html?hide_unavailable=1","","https://www.x-kom.pl/p/741597-zasilacz-do-komputera-cooler-master-xg-750w-80-plus-platinum.html","Cooler Master XG 750W 80 Plus Platinum","829,00 zł","750 W","ATX","80 PLUS Platinum","Modularny","https://cdn.x-kom.pl/i/setup/images/prod/big/product-new-big,,2022/5/pr_2022_5_10_13_19_17_269_00.jpg"
"1698054443-102","https://www.x-kom.pl/g-5/c/2493-zasilacze-komputerowe.html?hide_unavailable=1","","https://www.x-kom.pl/p/1048769-zasilacz-do-komputera-lian-li-sp750-750w-80-plus-gold.html","Lian Li SP750 750W 80 Plus Gold","649,00 zł","750 W","SFX","89-92% przy 230V oraz 20-100% obciążeniu.","80 PLUS Gold","https://cdn.x-kom.pl/i/setup/images/prod/big/product-new-big,,2022/6/pr_2022_6_14_11_2_46_739_06.jpg"
"1698054449-103","https://www.x-kom.pl/g-5/c/2493-zasilacze-komputerowe.html?hide_unavailable=1","","https://www.x-kom.pl/p/1058676-zasilacz-do-komputera-seasonic-g12-650w-80-plus-gold.html","Seasonic G12 650W 80 Plus Gold","409,00 zł","650 W","ATX","87-90% przy 230V oraz 20-100% obciążeniu.","80 PLUS Gold","https://cdn.x-kom.pl/i/setup/images/prod/big/product-new-big,,2022/8/pr_2022_8_2_16_5_30_235_05.jpg"
"1698054455-104","https://www.x-kom.pl/g-5/c/2493-zasilacze-komputerowe.html?hide_unavailable=1","","https://www.x-kom.pl/p/1058681-zasilacz-do-komputera-seasonic-focus-spx-650w-80-plus-platinum.html","Seasonic FOCUS SPX 650W 80 Plus Platinum","749,00 zł","650 W","SFX","92% przy 230V oraz 20-100% obciążeniu.","80 PLUS Platinum","https://cdn.x-kom.pl/i/setup/images/prod/big/product-new-big,,2022/8/pr_2022_8_2_16_36_31_490_08.jpg"
"1698054461-105","https://www.x-kom.pl/g-5/c/2493-zasilacze-komputerowe.html?hide_unavailable=1","","https://www.x-kom.pl/p/1058691-zasilacz-do-komputera-seasonic-focus-spx-750w-80-plus-platinum.html","Seasonic FOCUS SPX 750W 80 Plus Platinum","799,00 zł","750 W","SFX","92% przy 230V oraz 20-100% obciążeniu.","80 PLUS Platinum","https://cdn.x-kom.pl/i/setup/images/prod/big/product-new-big,,2022/8/pr_2022_8_2_16_36_31_490_08.jpg"
"1698054468-106","https://www.x-kom.pl/g-5/c/2493-zasilacze-komputerowe.html?hide_unavailable=1","","https://www.x-kom.pl/p/1058911-zasilacz-do-komputera-seasonic-g12-550w-80-plus-gold.html","Seasonic G12 550W 80 Plus Gold","349,00 zł","550 W","ATX","87-90% przy 230V oraz 20-100% obciążeniu.","80 PLUS Gold","https://cdn.x-kom.pl/i/setup/images/prod/big/product-new-big,,2022/8/pr_2022_8_2_16_5_30_235_05.jpg"
"1698054474-107","https://www.x-kom.pl/g-5/c/2493-zasilacze-komputerowe.html?hide_unavailable=1","","https://www.x-kom.pl/p/1059013-zasilacz-do-komputera-seasonic-b12-550w-80-plus-bronze.html","Seasonic B12 550W 80 Plus Bronze","279,00 zł","550 W","ATX","82-85% przy 230V oraz 20-100% obciążeniu.","80 PLUS Bronze","https://cdn.x-kom.pl/i/setup/images/prod/big/product-new-big,,2022/8/pr_2022_8_3_7_22_47_374_05.jpg"
"1698054482-108","https://www.x-kom.pl/g-5/c/2493-zasilacze-komputerowe.html?hide_unavailable=1","","https://www.x-kom.pl/p/1060336-zasilacz-do-komputera-seasonic-prime-tx-1600w-80-plus-titanium.html","Seasonic Prime TX 1600W 80 Plus Titanium","2 599,00 zł","1600 W","ATX","94-96% przy 230V oraz 20-100% obciążeniu.","80 PLUS Titanium","https://cdn.x-kom.pl/i/setup/images/prod/big/product-new-big,,2022/8/pr_2022_8_2_16_24_18_573_06.jpg"
"1698054491-109","https://www.x-kom.pl/g-5/c/2493-zasilacze-komputerowe.html?hide_unavailable=1","","https://www.x-kom.pl/p/1060341-zasilacz-do-komputera-seasonic-prime-tx-1300w-80-plus-titanium.html","Seasonic Prime TX 1300W 80 Plus Titanium","2 299,00 zł","1300 W","ATX","94-96% przy 230V oraz 20-100% obciążeniu.","80 PLUS Titanium","https://cdn.x-kom.pl/i/setup/images/prod/big/product-new-big,,2022/8/pr_2022_8_2_16_24_18_573_06.jpg"
"1698054496-110","https://www.x-kom.pl/g-5/c/2493-zasilacze-komputerowe.html?hide_unavailable=1","","https://www.x-kom.pl/p/1066805-zasilacz-do-komputera-raijintek-ermis-450w-80-plus-bronze.html","Raijintek Ermis 450W 80 Plus Bronze","269,00 zł","450 W","SFX","82% przy 230V oraz 20-100% obciążeniu.","80 PLUS Bronze","https://cdn.x-kom.pl/i/setup/images/prod/big/product-new-big,,2022/8/pr_2022_8_26_14_59_48_448_04.jpg"
"1698054503-111","https://www.x-kom.pl/g-5/c/2493-zasilacze-komputerowe.html?hide_unavailable=1","","https://www.x-kom.pl/p/1066810-zasilacz-do-komputera-raijintek-ermis-550w-80-plus-bronze.html","Raijintek Ermis 550W 80 Plus Bronze","299,00 zł","550 W","SFX","82% przy 230V oraz 20-100% obciążeniu.","80 PLUS Bronze","https://cdn.x-kom.pl/i/setup/images/prod/big/product-new-big,,2022/8/pr_2022_8_26_15_5_14_724_02.jpg"
"1698054512-112","https://www.x-kom.pl/g-5/c/2493-zasilacze-komputerowe.html?hide_unavailable=1","","https://www.x-kom.pl/p/1069346-zasilacz-do-komputera-cougar-gex-1050w-80-plus-gold.html","Cougar GEX 1050W 80 Plus Gold","799,00 zł","1050 W","ATX","91% przy 230V oraz 20-100% obciążeniu.","80 PLUS Gold","https://cdn.x-kom.pl/i/setup/images/prod/big/product-new-big,,2022/9/pr_2022_9_5_9_1_46_986_00.jpg"
"1698054518-113","https://www.x-kom.pl/g-5/c/2493-zasilacze-komputerowe.html?hide_unavailable=1","","https://www.x-kom.pl/p/1069347-zasilacz-do-komputera-cougar-gex-850w-80-plus-gold.html","Cougar GEX 850W 80 Plus Gold","589,00 zł","850 W","ATX","88-91% przy 230V oraz 20-100% obciążeniu.","80 PLUS Gold","https://cdn.x-kom.pl/i/setup/images/prod/big/product-new-big,,2022/9/pr_2022_9_2_11_55_4_668_00.jpg"
"1698054526-114","https://www.x-kom.pl/g-5/c/2493-zasilacze-komputerowe.html?hide_unavailable=1","","https://www.x-kom.pl/p/1069380-zasilacz-do-komputera-cougar-xtc-650-80-plus.html","Cougar XTC 650 80 Plus","299,00 zł","650 W","ATX","84-86% przy 230V oraz 20-100% obciążeniu.","80 PLUS","https://cdn.x-kom.pl/i/setup/images/prod/big/product-new-big,,2022/9/pr_2022_9_2_11_38_11_61_00.jpg"
"1698054532-115","https://www.x-kom.pl/g-5/c/2493-zasilacze-komputerowe.html?hide_unavailable=1","","https://www.x-kom.pl/p/1069391-zasilacz-do-komputera-cougar-xtc-550w-80-plus.html","Cougar XTC 550W 80 Plus","269,00 zł","550 W","ATX","86% przy 230V oraz 20-100% obciążeniu.","80 PLUS","https://cdn.x-kom.pl/i/setup/images/prod/big/product-new-big,,2022/9/pr_2022_9_5_9_14_30_959_00.jpg"
"1698054538-116","https://www.x-kom.pl/g-5/c/2493-zasilacze-komputerowe.html?hide_unavailable=1","","https://www.x-kom.pl/p/1072983-zasilacz-do-komputera-fsp-fortron-hydro-ptm-pro-1200w-80-plus-platinum.html","FSP/Fortron HYDRO PTM PRO 1200W 80 Plus Platinum","999,00 zł","1200 W","ATX","92% przy 230V oraz 20-100% obciążeniu.","80 PLUS Platinum","https://cdn.x-kom.pl/i/setup/images/prod/big/product-new-big,,2022/9/pr_2022_9_14_10_56_14_965_00.jpg"
"1698054545-117","https://www.x-kom.pl/g-5/c/2493-zasilacze-komputerowe.html?hide_unavailable=1","","https://www.x-kom.pl/p/1075680-zasilacz-do-komputera-cougar-polar-1050w-80-plus-platinum.html","Cougar Polar 1050W 80 Plus Platinum","1 049,00 zł","1050 W","ATX","92% przy 230V oraz 20-100% obciążeniu.","80 PLUS Platinum","https://cdn.x-kom.pl/i/setup/images/prod/big/product-new-big,,2022/9/pr_2022_9_2_12_35_57_251_00.jpg"
"1698054553-118","https://www.x-kom.pl/g-5/c/2493-zasilacze-komputerowe.html?hide_unavailable=1","","https://www.x-kom.pl/p/1080009-zasilacz-do-komputera-xpg-cybercore-1300w-80-plus-platinum.html","XPG CYBERCORE 1300W 80 Plus Platinum","1 299,00 zł","1300 W","ATX","80 PLUS Platinum","Modularny","https://cdn.x-kom.pl/i/setup/images/prod/big/product-new-big,,2022/10/pr_2022_10_12_6_9_15_747_00.jpg"
"1698054562-119","https://www.x-kom.pl/g-5/c/2493-zasilacze-komputerowe.html?hide_unavailable=1","","https://www.x-kom.pl/p/1086912-zasilacz-do-komputera-fsp-fortron-hydro-gt-pro-850w-80-plus-gold-atx-30.html","FSP/Fortron Hydro GT PRO 850W 80 Plus Gold ATX 3.0","649,00 zł","850 W","ATX 3.0","90% przy 230V oraz 20-100% obciążeniu.","80 PLUS Gold","https://cdn.x-kom.pl/i/setup/images/prod/big/product-new-big,,2022/11/pr_2022_11_2_9_41_44_858_02.jpg"
"1698054568-120","https://www.x-kom.pl/g-5/c/2493-zasilacze-komputerowe.html?hide_unavailable=1","","https://www.x-kom.pl/p/1086920-zasilacz-do-komputera-fsp-fortron-hydro-ptm-pro-1200w-80-plus-platinum-atx-30.html","FSP/Fortron Hydro PTM PRO 1200W 80 Plus Platinum ATX 3.0","1 399,00 zł","1200 W","ATX 3.0","92% przy 230V oraz 20-100% obciążeniu.","80 PLUS Platinum","https://cdn.x-kom.pl/i/setup/images/prod/big/product-new-big,,2022/11/pr_2022_11_2_9_32_46_118_04.jpg"
"1698054574-121","https://www.x-kom.pl/g-5/c/2493-zasilacze-komputerowe.html?hide_unavailable=1","","https://www.x-kom.pl/p/1095194-zasilacz-do-komputera-thermaltake-toughpower-gf3-750w-80-plus-gold-atx-30.html","Thermaltake Toughpower GF3 750W 80 Plus Gold ATX 3.0","799,00 zł","750 W","ATX 3.0","90% przy 230V oraz 20-100% obciążeniu.","80 PLUS Gold","https://cdn.x-kom.pl/i/setup/images/prod/big/product-new-big,,2022/11/pr_2022_11_30_15_46_21_46_04.jpg"
"1698054581-122","https://www.x-kom.pl/g-5/c/2493-zasilacze-komputerowe.html?hide_unavailable=1","","https://www.x-kom.pl/p/1098614-zasilacz-do-komputera-nzxt-c750-v2-750w-80-plus-gold.html","NZXT C750 V2 750W 80 Plus Gold","549,00 zł","750 W","ATX","87-90% przy 230V oraz 20-100% obciążeniu.","80 PLUS Gold","https://cdn.x-kom.pl/i/setup/images/prod/big/product-new-big,,2022/12/pr_2022_12_7_16_0_48_697_00.jpg"
"1698054589-123","https://www.x-kom.pl/g-5/c/2493-zasilacze-komputerowe.html?hide_unavailable=1","","https://www.x-kom.pl/p/1111217-zasilacz-do-komputera-thermaltake-toughpower-gf3-1350w-80-plus-gold-atx-30.html","Thermaltake Toughpower GF3 1350W 80 Plus Gold ATX 3.0","1 299,00 zł","1350 W","ATX 3.0","90% przy 230V oraz 20-100% obciążeniu.","80 PLUS Gold","https://cdn.x-kom.pl/i/setup/images/prod/big/product-new-big,,2023/2/pr_2023_2_2_14_45_54_142_05.jpg"
"1698054594-124","https://www.x-kom.pl/g-5/c/2493-zasilacze-komputerowe.html?hide_unavailable=1","","https://www.x-kom.pl/p/1111520-zasilacz-do-komputera-fsp-fortron-hydro-g-pro-850w-80-plus-gold-atx-30.html","FSP/Fortron Hydro G PRO 850W 80 Plus Gold ATX 3.0","849,00 zł","850 W","ATX 3.0","90% przy 230V oraz 20-100% obciążeniu.","80 PLUS Gold","https://cdn.x-kom.pl/i/setup/images/prod/big/product-new-big,,2022/11/pr_2022_11_21_15_11_40_537_03.jpg"
"1698054600-125","https://www.x-kom.pl/g-5/c/2493-zasilacze-komputerowe.html?hide_unavailable=1","","https://www.x-kom.pl/p/1121396-zasilacz-do-komputera-cougar-xtc-argb-650w-80-plus.html","Cougar XTC ARGB 650W 80 Plus","349,00 zł","650 W","ATX","86% przy 230V oraz 20-100% obciążeniu.","80 PLUS","https://cdn.x-kom.pl/i/setup/images/prod/big/product-new-big,,2023/2/pr_2023_2_27_13_54_33_712_03.jpg"
"1698054608-126","https://www.x-kom.pl/g-5/c/2493-zasilacze-komputerowe.html?hide_unavailable=1","","https://www.x-kom.pl/p/1122877-zasilacz-do-komputera-seasonic-vertex-gx-850w-80-plus-gold-atx-30.html","Seasonic VERTEX GX 850W 80 Plus Gold ATX 3.0","1 049,00 zł","850 W","ATX 3.0","90% przy 230V oraz 20-100% obciążeniu.","80 PLUS Gold","https://cdn.x-kom.pl/i/setup/images/prod/big/product-new-big,,2023/3/pr_2023_3_3_13_59_18_312_05.jpg"
"1698054614-127","https://www.x-kom.pl/g-5/c/2493-zasilacze-komputerowe.html?hide_unavailable=1","","https://www.x-kom.pl/p/1126933-zasilacz-do-komputera-montech-titan-850w-80-plus-gold-atx-30.html","Montech TITAN 850W 80 Plus Gold ATX 3.0","699,00 zł","850 W","ATX 3.0","90% przy 230V oraz 20-100% obciążeniu.","80 PLUS Gold","https://cdn.x-kom.pl/i/setup/images/prod/big/product-new-big,,2023/3/pr_2023_3_15_13_52_25_627_00.jpg"
"1698054621-128","https://www.x-kom.pl/g-5/c/2493-zasilacze-komputerowe.html?hide_unavailable=1","","https://www.x-kom.pl/p/1126959-zasilacz-do-komputera-montech-titan-1000w-80-plus-gold-atx-30.html","Montech TITAN 1000W 80 Plus Gold ATX 3.0","849,00 zł","1000 W","ATX 3.0","90% przy 230V oraz 20-100% obciążeniu.","80 PLUS Gold","https://cdn.x-kom.pl/i/setup/images/prod/big/product-new-big,,2023/3/pr_2023_3_15_13_55_13_449_01.jpg"
"1698054626-129","https://www.x-kom.pl/g-5/c/2493-zasilacze-komputerowe.html?hide_unavailable=1","","https://www.x-kom.pl/p/1126961-zasilacz-do-komputera-montech-titan-1200w-80-plus-gold-atx-30.html","Montech TITAN 1200W 80 Plus Gold ATX 3.0","1 099,00 zł","1200 W","ATX 3.0","90% przy 230V oraz 20-100% obciążeniu.","80 PLUS Gold","https://cdn.x-kom.pl/i/setup/images/prod/big/product-new-big,,2023/3/pr_2023_3_15_13_45_10_670_06.jpg"
"1698054632-130","https://www.x-kom.pl/g-5/c/2493-zasilacze-komputerowe.html?hide_unavailable=1","","https://www.x-kom.pl/p/1128045-zasilacz-do-komputera-nzxt-c1200-v2-1200w-80-plus-gold-atx-30.html","NZXT C1200 V2 1200W 80 Plus Gold ATX 3.0","1 099,00 zł","1200 W","ATX 3.0","87-90% przy 230V oraz 20-100% obciążeniu.","80 PLUS Gold","https://cdn.x-kom.pl/i/setup/images/prod/big/product-new-big,,2023/3/pr_2023_3_17_15_2_4_141_02.jpg"
"1698054641-131","https://www.x-kom.pl/g-5/c/2493-zasilacze-komputerowe.html?hide_unavailable=1","","https://www.x-kom.pl/p/1128120-zasilacz-do-komputera-cooler-master-mwe-gold-v2-1250w-80-plus-gold-atx-30.html","Cooler Master MWE GOLD-V2 1250W 80 Plus Gold ATX 3.0","1 199,00 zł","1250 W","ATX 3.0","90% przy 230V oraz 20-100% obciążeniu.","80 PLUS Gold","https://cdn.x-kom.pl/i/setup/images/prod/big/product-new-big,,2023/3/pr_2023_3_17_15_9_45_796_08.jpg"
"1698054648-132","https://www.x-kom.pl/g-5/c/2493-zasilacze-komputerowe.html?hide_unavailable=1","","https://www.x-kom.pl/p/1143654-zasilacz-do-komputera-corsair-hx1500i-1500w-80-plus-platinum.html","Corsair HX1500i 1500W 80 Plus Platinum","1 499,00 zł","1500 W","ATX","92% przy 230V oraz 20-100% obciążeniu.","80 PLUS Platinum","https://cdn.x-kom.pl/i/setup/images/prod/big/product-new-big,,2023/6/pr_2023_6_28_13_56_17_484_00.jpg"
"1698054653-133","https://www.x-kom.pl/g-5/c/2493-zasilacze-komputerowe.html?hide_unavailable=1","","https://www.x-kom.pl/p/1148906-zasilacz-do-komputera-chieftec-polaris-pro-1300w-80-plus-platinum-atx-30.html","Chieftec Polaris PRO 1300W 80 Plus Platinum ATX 3.0","1 149,00 zł","1300 W","ATX 3.0","80 PLUS Platinum","Modularny","https://cdn.x-kom.pl/i/setup/images/prod/big/product-new-big,,2023/6/pr_2023_6_7_11_52_1_141_01.jpg"
"1698054661-134","https://www.x-kom.pl/g-5/c/2493-zasilacze-komputerowe.html?hide_unavailable=1","","https://www.x-kom.pl/p/1157456-zasilacz-do-komputera-cougar-gem-1200w-80-plus-gold.html","Cougar GEM 1200W 80 Plus Gold","999,00 zł","1200 W","ATX","80 PLUS Gold","Modularny","https://cdn.x-kom.pl/i/setup/images/prod/big/product-new-big,,2023/6/pr_2023_6_29_11_33_37_864_00.jpg"
"1698054667-135","https://www.x-kom.pl/g-5/c/2493-zasilacze-komputerowe.html?hide_unavailable=1","","https://www.x-kom.pl/p/1157462-zasilacz-do-komputera-cougar-gem-1050w-80-plus-gold.html","Cougar GEM 1050W 80 Plus Gold","899,00 zł","1050 W","ATX","80 PLUS Gold","Modularny","https://cdn.x-kom.pl/i/setup/images/prod/big/product-new-big,,2023/6/pr_2023_6_29_11_33_37_864_00.jpg"
"1698054674-136","https://www.x-kom.pl/g-5/c/2493-zasilacze-komputerowe.html?hide_unavailable=1","","https://www.x-kom.pl/p/1157472-zasilacz-do-komputera-cougar-auric-rgb-750w-80-plus-gold.html","Cougar Auric RGB 750W 80 Plus Gold","549,00 zł","750 W","ATX","80 PLUS Gold","Modularny","https://cdn.x-kom.pl/i/setup/images/prod/big/product-new-big,,2023/6/pr_2023_6_29_11_47_50_147_00.jpg"
"1698054682-137","https://www.x-kom.pl/g-5/c/2493-zasilacze-komputerowe.html?hide_unavailable=1","","https://www.x-kom.pl/p/1157482-zasilacz-do-komputera-cougar-stc-600w-80-plus.html","Cougar STC 600W 80 Plus","249,00 zł","600 W","ATX","80 PLUS","Niemodularny","https://cdn.x-kom.pl/i/setup/images/prod/big/product-new-big,,2023/6/pr_2023_6_29_12_1_41_426_00.jpg"
"1698054689-138","https://www.x-kom.pl/g-5/c/2493-zasilacze-komputerowe.html?hide_unavailable=1","","https://www.x-kom.pl/p/1159622-zasilacz-do-komputera-ocpc-energia-ii-850w-80-plus-gold-atx-30.html","OCPC ENERGIA II 850W 80 Plus Gold ATX 3.0","449,00 zł","850 W","ATX","80 PLUS Gold","Modularny","https://cdn.x-kom.pl/i/setup/images/prod/big/product-new-big,,2023/7/pr_2023_7_10_14_34_3_163_00.jpg"
"1698054695-139","https://www.x-kom.pl/g-5/c/2493-zasilacze-komputerowe.html?hide_unavailable=1","","https://www.x-kom.pl/p/1159630-zasilacz-do-komputera-ocpc-energia-ii-1200w-80-plus-platinum-atx-30.html","OCPC ENERGIA II 1200W 80 Plus Platinum ATX 3.0","799,00 zł","1200 W","ATX","80 PLUS Platinum","Modularny","https://cdn.x-kom.pl/i/setup/images/prod/big/product-new-big,,2023/7/pr_2023_7_10_14_41_46_740_00.jpg"
"1698054702-140","https://www.x-kom.pl/g-5/c/2493-zasilacze-komputerowe.html?hide_unavailable=1","","https://www.x-kom.pl/p/1164368-zasilacz-do-komputera-thermaltake-toughpower-sfx-750w-80-plus-gold.html","Thermaltake Toughpower SFX 750W 80 Plus Gold","749,00 zł","750 W","SFX","80 PLUS Gold","Modularny","https://cdn.x-kom.pl/i/setup/images/prod/big/product-new-big,,2023/8/pr_2023_8_1_8_53_31_474_00.jpg"
"1698054709-141","https://www.x-kom.pl/g-5/c/2493-zasilacze-komputerowe.html?hide_unavailable=1","","https://www.x-kom.pl/p/1164406-zasilacz-do-komputera-thermaltake-toughpower-sfx-1000w-80-plus-gold.html","Thermaltake  Toughpower SFX 1000W 80 Plus Gold","999,00 zł","1000 W","SFX","80 PLUS Gold","Modularny","https://cdn.x-kom.pl/i/setup/images/prod/big/product-new-big,,2023/8/pr_2023_8_1_9_9_38_203_00.jpg"
"1698054717-142","https://www.x-kom.pl/g-5/c/2493-zasilacze-komputerowe.html?hide_unavailable=1","","https://www.x-kom.pl/p/1164987-zasilacz-do-komputera-fsp-fortron-dagger-pro-850w-80-plus-gold-atx-30.html","FSP/Fortron DAGGER PRO 850W 80 Plus Gold ATX 3.0","699,00 zł","850 W","ATX 3.0","90% przy 230V oraz 20-100% obciążeniu.","80 PLUS Gold","https://cdn.x-kom.pl/i/setup/images/prod/big/product-new-big,,2023/8/pr_2023_8_7_12_44_49_254_00.jpg"
"1698054724-143","https://www.x-kom.pl/g-5/c/2493-zasilacze-komputerowe.html?hide_unavailable=1","","https://www.x-kom.pl/p/1187281-zasilacz-do-komputera-endorfy-supremo-fm5-650w-80-plus-gold.html","ENDORFY Supremo FM5 650W 80 Plus Gold","439,00 zł","650 W","ATX","80 PLUS Gold","Modularny","https://cdn.x-kom.pl/i/setup/images/prod/big/product-new-big,,2023/10/pr_2023_10_11_14_18_40_821_00.jpg"
"1698054731-144","https://www.x-kom.pl/g-5/c/2493-zasilacze-komputerowe.html?hide_unavailable=1","","https://www.x-kom.pl/p/1187784-zasilacz-do-komputera-chieftec-atmos-750w-80-plus-gold-atx-30.html","Chieftec Atmos 750W 80 Plus Gold ATX 3.0","549,00 zł","750 W","ATX 3.0","80 PLUS Gold","Modularny","https://cdn.x-kom.pl/i/setup/images/prod/big/product-new-big,,2023/10/pr_2023_10_12_12_47_6_4_02.jpg"
"1698054739-145","https://www.x-kom.pl/g-5/c/2493-zasilacze-komputerowe.html?hide_unavailable=1","","https://www.x-kom.pl/p/1187802-zasilacz-do-komputera-chieftec-atmos-850w-80-plus-gold-atx-30.html","Chieftec Atmos 850W 80 Plus Gold ATX 3.0","599,00 zł","850 W","ATX 3.0","80 PLUS Gold","Modularny","https://cdn.x-kom.pl/i/setup/images/prod/big/product-new-big,,2023/10/pr_2023_10_12_12_47_6_4_02.jpg"
"1698054747-146","https://www.x-kom.pl/g-5/c/2493-zasilacze-komputerowe.html?hide_unavailable=1","","https://www.x-kom.pl/p/1189122-zasilacz-do-komputera-seasonic-vertex-px-750w-80-plus-platinum.html","Seasonic VERTEX PX 750W 80 Plus Platinum","949,00 zł","750 W","ATX 3.0","80 PLUS Platinum","Modularny","https://cdn.x-kom.pl/i/setup/images/prod/big/product-new-big,,2023/10/pr_2023_10_19_14_22_12_374_01.jpg"
"1698054753-147","https://www.x-kom.pl/g-5/c/2493-zasilacze-komputerowe.html?hide_unavailable=1","","https://www.x-kom.pl/p/1189125-zasilacz-do-komputera-seasonic-vertex-px-850w-80-plus-platinum.html","Seasonic VERTEX PX 850W 80 Plus Platinum","1 099,00 zł","850 W","ATX 3.0","80 PLUS Platinum","Modularny","https://cdn.x-kom.pl/i/setup/images/prod/big/product-new-big,,2023/10/pr_2023_10_19_14_22_12_374_01.jpg"
"1698054759-148","https://www.x-kom.pl/g-5/c/2493-zasilacze-komputerowe.html?hide_unavailable=1","","https://www.x-kom.pl/p/217427-zasilacz-do-komputera-chieftec-a90-550w-80-plus-gold.html","Chieftec A90 550W 80 Plus Gold","349,00 zł","550 W","ATX","90% przy 230V oraz 20-100% obciążeniu.","Pół modularny","https://cdn.x-kom.pl/i/setup/images/prod/big/product-new-big,,2021/8/pr_2021_8_30_13_58_35_288_00.jpg"
"1698054768-149","https://www.x-kom.pl/g-5/c/2493-zasilacze-komputerowe.html?hide_unavailable=1","","https://www.x-kom.pl/p/222656-zasilacz-do-komputera-thermaltake-smart-se-630w.html","Thermaltake Smart SE 630W","319,00 zł","630 W","ATX","87% przy 230V oraz 20-100% obciążeniu.","Niecertyfikowany","https://cdn.x-kom.pl/i/setup/images/prod/big/product-new-big,,2021/9/pr_2021_9_6_11_19_29_634_00.jpg"
"1698054777-150","https://www.x-kom.pl/g-5/c/2493-zasilacze-komputerowe.html?hide_unavailable=1","","https://www.x-kom.pl/p/325340-zasilacz-do-komputera-modecom-volcano-750w-80-plus-gold.html","MODECOM Volcano 750W 80 Plus Gold","419,00 zł","750 W","ATX","90% przy 230V oraz 20-100% obciążeniu.","80 PLUS Gold","https://cdn.x-kom.pl/i/setup/images/prod/big/product-new-big,,2021/8/pr_2021_8_31_12_13_16_624_00.jpg"
"1698054785-151","https://www.x-kom.pl/g-5/c/2493-zasilacze-komputerowe.html?hide_unavailable=1","","https://www.x-kom.pl/p/402139-zasilacz-do-komputera-thermaltake-toughpower-grand-rgb-650w-80-plus-gold.html","Thermaltake Toughpower Grand RGB 650W 80 Plus Gold","499,00 zł","650 W","ATX","90% przy 230V oraz 20-100% obciążeniu.","80 PLUS Gold","https://cdn.x-kom.pl/i/setup/images/prod/big/product-new-big,,2021/8/pr_2021_8_27_14_24_51_434_00.jpg"
"1698054792-152","https://www.x-kom.pl/g-5/c/2493-zasilacze-komputerowe.html?hide_unavailable=1","","https://www.x-kom.pl/p/402360-zasilacz-do-komputera-thermaltake-smart-rgb-500w-80-plus.html","Thermaltake Smart RGB 500W 80 Plus","219,00 zł","500 W","ATX","82-86% przy 230V oraz 20-100% obciążeniu.","80 PLUS","https://cdn.x-kom.pl/i/setup/images/prod/big/product-new-big,,2021/8/pr_2021_8_27_14_21_47_823_00.jpg"
"1698054801-153","https://www.x-kom.pl/g-5/c/2493-zasilacze-komputerowe.html?hide_unavailable=1","","https://www.x-kom.pl/p/404886-zasilacz-do-komputera-chieftec-iarena-series-500w.html","Chieftec iArena Series 500W","229,00 zł","500 W","ATX","80% przy 230V oraz 20-100% obciążeniu.","Niecertyfikowany","https://cdn.x-kom.pl/i/setup/images/prod/big/product-new-big,,2021/8/pr_2021_8_30_14_1_34_307_00.jpg"
"1698054806-154","https://www.x-kom.pl/g-5/c/2493-zasilacze-komputerowe.html?hide_unavailable=1","","https://www.x-kom.pl/p/404888-zasilacz-do-komputera-chieftec-iarena-series-400w.html","Chieftec iArena Series 400W","209,00 zł","400 W","ATX","85% przy 230V oraz 20-100% obciążeniu.","Niemodularny","https://cdn.x-kom.pl/i/setup/images/prod/big/product-new-big,,2021/8/pr_2021_8_30_14_3_13_26_00.jpg"
"1698054814-155","https://www.x-kom.pl/g-5/c/2493-zasilacze-komputerowe.html?hide_unavailable=1","","https://www.x-kom.pl/p/405234-zasilacz-do-komputera-chieftec-proton-500w-80-plus-bronze.html","Chieftec Proton 500W 80 Plus Bronze","279,00 zł","500 W","ATX","85% przy 230V oraz 20-100% obciążeniu.","80 PLUS Bronze","https://cdn.x-kom.pl/i/setup/images/prod/big/product-new-big,,2021/8/pr_2021_8_30_14_4_50_433_00.jpg"
"1698054820-156","https://www.x-kom.pl/g-5/c/2493-zasilacze-komputerowe.html?hide_unavailable=1","","https://www.x-kom.pl/p/407534-zasilacz-do-komputera-sharkoon-silentstorm-sfx-450w-80-plus-bronze.html","Sharkoon SilentStorm SFX 450W 80 Plus Bronze","299,00 zł","450 W","SFX","82-85% przy 230V oraz 20-100% obciążeniu.","80 PLUS Bronze","https://cdn.x-kom.pl/i/setup/images/prod/big/product-new-big,,2021/9/pr_2021_9_6_8_8_58_76_00.jpg"
"1698054826-157","https://www.x-kom.pl/g-5/c/2493-zasilacze-komputerowe.html?hide_unavailable=1","","https://www.x-kom.pl/p/471682-zasilacz-do-komputera-be-quiet-sfx-l-power-500w-80-plus-gold.html","be quiet! SFX-L POWER 500W 80 Plus Gold","549,00 zł","500 W","SFX","92% przy 230V oraz 20-100% obciążeniu.","80 PLUS Gold","https://cdn.x-kom.pl/i/setup/images/prod/big/product-new-big,,2021/9/pr_2021_9_9_14_45_14_791_00.jpg"
"1698054838-158","https://www.x-kom.pl/g-5/c/2493-zasilacze-komputerowe.html?hide_unavailable=1","","https://www.x-kom.pl/p/509251-zasilacz-do-komputera-be-quiet-system-power-9-cm-600w-80-plus-bronze.html","be quiet! System Power 9 CM 600W 80 Plus Bronze","349,00 zł","600 W","ATX","89% przy 230V oraz 20-100% obciążeniu.","80 PLUS Bronze","https://cdn.x-kom.pl/i/setup/images/prod/big/product-new-big,,2021/9/pr_2021_9_9_13_19_35_796_00.jpg"
"1698054845-159","https://www.x-kom.pl/g-5/c/2493-zasilacze-komputerowe.html?hide_unavailable=1","","https://www.x-kom.pl/p/592513-zasilacz-do-komputera-chieftec-task-500w-80-plus-bronze.html","Chieftec Task 500W 80 Plus Bronze","249,00 zł","500 W","ATX","85% przy 230V oraz 20-100% obciążeniu.","80 PLUS Bronze","https://cdn.x-kom.pl/i/setup/images/prod/big/product-new-big,,2020/9/pr_2020_9_23_11_37_10_324_00.jpg"
"1698054853-160","https://www.x-kom.pl/g-5/c/2493-zasilacze-komputerowe.html?hide_unavailable=1","","https://www.x-kom.pl/p/592522-zasilacz-do-komputera-chieftec-compact-series-sfx-650w-80-plus-gold.html","Chieftec Compact Series SFX 650W 80 Plus Gold","449,00 zł","650 W","SFX","90% przy 230V oraz 20-100% obciążeniu.","80 PLUS Gold","https://cdn.x-kom.pl/i/setup/images/prod/big/product-new-big,,2020/9/pr_2020_9_23_10_4_56_986_00.jpg"
"1698054862-161","https://www.x-kom.pl/g-5/c/2493-zasilacze-komputerowe.html?hide_unavailable=1","","https://www.x-kom.pl/p/598104-zasilacz-do-komputera-xpg-pylon-750w-80-plus-bronze.html","XPG Pylon 750W 80 Plus Bronze","349,00 zł","750 W","ATX","82-85% przy 230V oraz 20-100% obciążeniu.","80 PLUS Bronze","https://cdn.x-kom.pl/i/setup/images/prod/big/product-new-big,,2020/10/pr_2020_10_19_17_3_33_520_00.jpg"
"1698054869-162","https://www.x-kom.pl/g-5/c/2493-zasilacze-komputerowe.html?hide_unavailable=1","","https://www.x-kom.pl/p/619905-zasilacz-do-komputera-chieftronic-powerup-750w-80-plus-gold.html","Chieftronic PowerUP 750W 80 Plus Gold","449,00 zł","750 W","ATX","91% przy 230V oraz 20-100% obciążeniu.","80 PLUS Gold","https://cdn.x-kom.pl/i/setup/images/prod/big/product-new-big,,2021/1/pr_2021_1_15_14_7_22_836_00.jpg"
"1698054876-163","https://www.x-kom.pl/g-5/c/2493-zasilacze-komputerowe.html?hide_unavailable=1","","https://www.x-kom.pl/p/641991-zasilacz-do-komputera-aerocool-lux-rgb-750w-80-plus-bronze.html","AeroCool Lux RGB 750W 80 Plus Bronze","319,00 zł","750 W","ATX","80-88% przy 230V oraz 20-100% obciążeniu.","80 PLUS Bronze","https://cdn.x-kom.pl/i/setup/images/prod/big/product-new-big,,2021/3/pr_2021_3_29_14_21_30_954_04.jpg"
"1698054882-164","https://www.x-kom.pl/g-5/c/2493-zasilacze-komputerowe.html?hide_unavailable=1","","https://www.x-kom.pl/p/641997-zasilacz-do-komputera-aerocool-vx-750w-80-plus.html","AeroCool VX 750W 80 Plus","299,00 zł","750 W","ATX","79-81% przy 230V oraz 20-100% obciążeniu.","80 PLUS","https://cdn.x-kom.pl/i/setup/images/prod/big/product-new-big,,2021/3/pr_2021_3_30_8_16_34_253_00.jpg"
"1698054888-165","https://www.x-kom.pl/g-5/c/2493-zasilacze-komputerowe.html?hide_unavailable=1","","https://www.x-kom.pl/p/642030-zasilacz-do-komputera-aerocool-lux-rgb-550w-80-plus-bronze.html","AeroCool Lux RGB 550W 80 Plus Bronze","239,00 zł","550 W","ATX","80-88% przy 230V oraz 20-100% obciążeniu.","80 PLUS Bronze","https://cdn.x-kom.pl/i/setup/images/prod/big/product-new-big,,2021/3/pr_2021_3_29_13_54_2_974_03.jpg"
"1698054893-166","https://www.x-kom.pl/g-5/c/2493-zasilacze-komputerowe.html?hide_unavailable=1","","https://www.x-kom.pl/p/642128-zasilacz-do-komputera-seasonic-prime-fanless-tx-700w-80-plus-titanium.html","Seasonic Prime Fanless TX 700W 80 Plus Titanium","1 249,00 zł","700 W","ATX","90-94% przy 230V oraz 20-100% obciążeniu.","80 PLUS Titanium","https://cdn.x-kom.pl/i/setup/images/prod/big/product-new-big,,2021/8/pr_2021_8_30_14_52_3_555_00.jpg"
"1698054901-167","https://www.x-kom.pl/g-5/c/2493-zasilacze-komputerowe.html?hide_unavailable=1","","https://www.x-kom.pl/p/642797-zasilacz-do-komputera-fractal-design-ion-850w-80-plus-gold.html","Fractal Design Ion 850W 80 Plus Gold","579,00 zł","850 W","ATX","80 PLUS Gold","Modularny","https://cdn.x-kom.pl/i/setup/images/prod/big/product-new-big,,2021/4/pr_2021_4_16_8_50_20_168_02.jpg"
"1698054935-172","https://www.x-kom.pl/g-5/c/2493-zasilacze-komputerowe.html?hide_unavailable=1","","https://www.x-kom.pl/p/647706-zasilacz-do-komputera-be-quiet-tfx-power-3-300w-80-plus-gold.html","be quiet! TFX Power 3 300W 80 Plus Gold","299,00 zł","300 W","TFX","80 PLUS Gold","Niemodularny","https://cdn.x-kom.pl/i/setup/images/prod/big/product-new-big,,2021/9/pr_2021_9_6_11_54_23_50_00.jpg"
"1698054940-173","https://www.x-kom.pl/g-5/c/2493-zasilacze-komputerowe.html?hide_unavailable=1","","https://www.x-kom.pl/p/648206-zasilacz-do-komputera-silverstone-strider-400w-80-plus.html","SilverStone Strider 400W 80 Plus","199,00 zł","400 W","ATX","82-85% przy 230V oraz 20-100% obciążeniu.","80 PLUS","https://cdn.x-kom.pl/i/setup/images/prod/big/product-new-big,,2021/8/pr_2021_8_30_15_17_10_121_00.jpg"
"1698054946-174","https://www.x-kom.pl/g-5/c/2493-zasilacze-komputerowe.html?hide_unavailable=1","","https://www.x-kom.pl/p/656735-zasilacz-do-komputera-chieftec-polaris-1050w-80-plus-gold.html","Chieftec Polaris 1050W 80 Plus Gold","759,00 zł","1050 W","ATX","80 PLUS Gold","Modularny","https://cdn.x-kom.pl/i/setup/images/prod/big/product-new-big,,2021/6/pr_2021_6_7_10_48_53_597_00.jpg"
"1698054953-175","https://www.x-kom.pl/g-5/c/2493-zasilacze-komputerowe.html?hide_unavailable=1","","https://www.x-kom.pl/p/665915-zasilacz-do-komputera-sharkoon-shp-700w-80-plus-bronze.html","Sharkoon SHP 700W 80 Plus Bronze","299,00 zł","700 W","ATX","82-85% przy 230V oraz 20-100% obciążeniu.","80 PLUS Bronze","https://cdn.x-kom.pl/i/setup/images/prod/big/product-new-big,,2021/7/pr_2021_7_1_15_47_57_240_01.jpg"
"1698054959-176","https://www.x-kom.pl/g-5/c/2493-zasilacze-komputerowe.html?hide_unavailable=1","","https://www.x-kom.pl/p/668557-zasilacz-do-komputera-1stcool-miner-series-1600w-80-plus-gold.html","1stCOOl Miner Series 1600W 80 Plus Gold","999,00 zł","1600 W","ATX","90% przy 230V oraz 20-100% obciążeniu.","80 PLUS Gold","https://cdn.x-kom.pl/i/setup/images/prod/big/product-new-big,,2021/8/pr_2021_8_31_13_53_30_697_00.jpg"
"1698054964-177","https://www.x-kom.pl/g-5/c/2493-zasilacze-komputerowe.html?hide_unavailable=1","","https://www.x-kom.pl/p/669014-zasilacz-do-komputera-thermaltake-smart-bx1-rgb-650w-80-plus-bronze.html","Thermaltake Smart BX1 RGB 650W 80 Plus Bronze","319,00 zł","650 W","ATX","88% przy 230V oraz 20-100% obciążeniu.","80 PLUS Bronze","https://cdn.x-kom.pl/i/setup/images/prod/big/product-new-big,,2021/8/pr_2021_8_27_15_12_36_328_00.jpg"
"1698054970-178","https://www.x-kom.pl/g-5/c/2493-zasilacze-komputerowe.html?hide_unavailable=1","","https://www.x-kom.pl/p/670719-zasilacz-do-komputera-akyga-basic-420w.html","Akyga Basic 420W","89,00 zł","420 W","ATX",">70% przy 230V oraz 20-100% obciążeniu.","Niecertyfikowany","https://cdn.x-kom.pl/i/setup/images/prod/big/product-new-big,,2021/7/pr_2021_7_28_7_46_45_390_02.jpg"
"1698054980-179","https://www.x-kom.pl/g-5/c/2493-zasilacze-komputerowe.html?hide_unavailable=1","","https://www.x-kom.pl/p/670723-zasilacz-do-komputera-akyga-basic-500w.html","Akyga Basic 500W","109,00 zł","500 W","ATX",">70% przy 230V oraz 20-100% obciążeniu.","Niecertyfikowany","https://cdn.x-kom.pl/i/setup/images/prod/big/product-new-big,,2021/8/pr_2021_8_31_11_26_44_685_00.jpg"
"1698054987-180","https://www.x-kom.pl/g-5/c/2493-zasilacze-komputerowe.html?hide_unavailable=1","","https://www.x-kom.pl/p/670731-zasilacz-do-komputera-akyga-basic-550w.html","Akyga Basic 550W","119,00 zł","550 W","ATX",">70% przy 230V oraz 20-100% obciążeniu.","Niecertyfikowany","https://cdn.x-kom.pl/i/setup/images/prod/big/product-new-big,,2021/8/pr_2021_8_31_11_25_24_182_00.jpg"
"1698054994-181","https://www.x-kom.pl/g-5/c/2493-zasilacze-komputerowe.html?hide_unavailable=1","","https://www.x-kom.pl/p/670798-zasilacz-do-komputera-akyga-pro-semi-modular-600w.html","Akyga PRO Semi Modular 600W","179,00 zł","600 W","ATX",">70% przy 230V oraz 20-100% obciążeniu.","Niecertyfikowany","https://cdn.x-kom.pl/i/setup/images/prod/big/product-new-big,,2021/7/pr_2021_7_28_9_7_0_258_01.jpg"
"1698055002-182","https://www.x-kom.pl/g-5/c/2493-zasilacze-komputerowe.html?hide_unavailable=1","","https://www.x-kom.pl/p/687002-zasilacz-do-komputera-seasonic-b12-850w-80-plus-bronze.html","Seasonic B12 850W 80 Plus Bronze","449,00 zł","850 W","ATX","82-85% przy 230V oraz 20-100% obciążeniu.","80 PLUS Bronze","https://cdn.x-kom.pl/i/setup/images/prod/big/product-new-big,,2021/10/pr_2021_10_11_13_21_50_176_02.jpg"
"1698055009-183","https://www.x-kom.pl/g-5/c/2493-zasilacze-komputerowe.html?hide_unavailable=1","","https://www.x-kom.pl/p/687011-zasilacz-do-komputera-seasonic-g12-750w-80-plus-gold.html","Seasonic G12 750W 80 Plus Gold","449,00 zł","750 W","ATX","87-90% przy 230V oraz 20-100% obciążeniu.","80 PLUS Gold","https://cdn.x-kom.pl/i/setup/images/prod/big/product-new-big,,2021/10/pr_2021_10_11_13_29_13_348_02.jpg"
"1698055020-184","https://www.x-kom.pl/g-5/c/2493-zasilacze-komputerowe.html?hide_unavailable=1","","https://www.x-kom.pl/p/690177-zasilacz-do-komputera-fractal-design-ion-2-760w-80-plus-platinum.html","Fractal Design Ion+ 2 760W 80 Plus Platinum","799,00 zł","760 W","ATX","80 PLUS Platinum","Modularny","https://cdn.x-kom.pl/i/setup/images/prod/big/product-new-big,,2021/10/pr_2021_10_19_7_47_1_680_02.jpg"
"1698055042-187","https://www.x-kom.pl/g-5/c/2493-zasilacze-komputerowe.html?hide_unavailable=1","","https://www.x-kom.pl/p/708110-zasilacz-do-komputera-fsp-fortron-hexa-pro-350w-80-plus-bronze.html","FSP/Fortron HEXA PRO 350W 80 Plus Bronze","219,00 zł","350 W","ATX","85% przy 230V oraz 20-100% obciążeniu.","80 PLUS Bronze","https://cdn.x-kom.pl/i/setup/images/prod/big/product-new-big,,2021/12/pr_2021_12_23_9_57_37_664_00.jpg"
