web-scraper-order,web-scraper-start-url,link,link-href,name,cena,chipset,memoery,memorytype,image-src
"1698053662-1","https://www.x-kom.pl/g-5/c/345-karty-graficzne.html?hide_unavailable=1","","https://www.x-kom.pl/p/370863-karta-graficzna-nvidia-asus-geforce-gt-1030-phoenix-oc-2gb-gddr5.html","ASUS GeForce GT 1030 Phoenix OC 2GB GDDR5","519,00 zł","GeForce GT 1030","2 GB","GDDR5","https://cdn.x-kom.pl/i/setup/images/prod/big/product-new-big,,2017/6/pr_2017_6_22_8_13_14_942.png"
"1698053669-2","https://www.x-kom.pl/g-5/c/345-karty-graficzne.html?hide_unavailable=1","","https://www.x-kom.pl/p/597359-karta-graficzna-nvidia-pny-quadro-p1000-dvi-4gb-gddr5.html","PNY Quadro P1000 DVI 4GB GDDR5","1 899,00 zł","Quadro P1000","4 GB","GDDR5","https://cdn.x-kom.pl/i/setup/images/prod/big/product-new-big,,2020/10/pr_2020_10_8_12_28_55_527_03.jpg"
"1698053673-3","https://www.x-kom.pl/g-5/c/345-karty-graficzne.html?hide_unavailable=1","","https://www.x-kom.pl/p/623612-karta-graficzna-nvidia-pny-quadro-p400-v2-2gb-gddr5.html","PNY Quadro P400 V2 2GB GDDR5","679,00 zł","Quadro P400","2 GB","GDDR5","https://cdn.x-kom.pl/i/setup/images/prod/big/product-new-big,,2021/1/pr_2021_1_19_13_13_17_554_02.jpg"
"1698053678-4","https://www.x-kom.pl/g-5/c/345-karty-graficzne.html?hide_unavailable=1","","https://www.x-kom.pl/p/623625-karta-graficzna-nvidia-pny-quadro-rtx-5000-16gb-gddr6.html","PNY Quadro RTX 5000 16GB GDDR6","10 699,00 zł","Quadro RTX 5000","16 GB","GDDR6","https://cdn.x-kom.pl/i/setup/images/prod/big/product-new-big,,2021/1/pr_2021_1_19_14_40_45_109_00.jpg"
"1698053685-5","https://www.x-kom.pl/g-5/c/345-karty-graficzne.html?hide_unavailable=1","","https://www.x-kom.pl/p/633459-karta-graficzna-nvidia-palit-geforce-rtx-3060-dual-oc-12gb-gddr6.html","Palit GeForce RTX 3060 Dual OC 12GB GDDR6","1 799,00 zł","GeForce RTX 3060","12 GB","GDDR6","https://cdn.x-kom.pl/i/setup/images/prod/big/product-new-big,,2021/2/pr_2021_2_23_13_41_37_415_02.jpg"
"1698053691-6","https://www.x-kom.pl/g-5/c/345-karty-graficzne.html?hide_unavailable=1","","https://www.x-kom.pl/p/658547-karta-graficzna-nvidia-palit-geforce-rtx-3070-ti-gaming-pro-8gb-gddr6x.html","Palit GeForce RTX 3070 Ti Gaming Pro 8GB GDDR6X","3 199,00 zł","GeForce RTX 3070 Ti","8 GB","GDDR6X","https://cdn.x-kom.pl/i/setup/images/prod/big/product-new-big,,2021/6/pr_2021_6_9_13_41_1_403_03.jpg"
"1698053696-7","https://www.x-kom.pl/g-5/c/345-karty-graficzne.html?hide_unavailable=1","","https://www.x-kom.pl/p/661718-karta-graficzna-amd-amd-radeon-pro-w6800-32gb-gddr6.html","AMD Radeon PRO W6800 32GB GDDR6","6 199,00 zł","Radeon™ Pro W6800","32 GB","GDDR6","https://cdn.x-kom.pl/i/setup/images/prod/big/product-new-big,,2021/6/pr_2021_6_19_14_5_48_91_03.jpg"
"1698053701-8","https://www.x-kom.pl/g-5/c/345-karty-graficzne.html?hide_unavailable=1","","https://www.x-kom.pl/p/670403-karta-graficzna-nvidia-pny-quadro-t1000-4gb-gddr6.html","PNY Quadro T1000 4GB GDDR6","1 999,00 zł","Quadro T1000","4 GB","GDDR6","https://cdn.x-kom.pl/i/setup/images/prod/big/product-new-big,,2021/7/pr_2021_7_26_14_2_49_841_03.jpg"
"1698053708-9","https://www.x-kom.pl/g-5/c/345-karty-graficzne.html?hide_unavailable=1","","https://www.x-kom.pl/p/671956-karta-graficzna-nvidia-asus-geforce-rtx-3060-phoenix-v2-lhr-12gb-gddr6.html","ASUS GeForce RTX 3060 Phoenix V2 LHR 12GB GDDR6","1 899,00 zł","GeForce RTX 3060","12 GB","GDDR6","https://cdn.x-kom.pl/i/setup/images/prod/big/product-new-big,,2021/8/pr_2021_8_3_9_35_32_870_06.jpg"
"1698053712-10","https://www.x-kom.pl/g-5/c/345-karty-graficzne.html?hide_unavailable=1","","https://www.x-kom.pl/p/712858-karta-graficzna-nvidia-pny-quadro-rtx-a4000-16gb-gddr6-smallbox.html","PNY Quadro RTX A4000 16GB GDDR6 Smallbox","5 290,00 zł","Quadro RTX 4000","16 GB","GDDR6","https://cdn.x-kom.pl/i/setup/images/prod/big/product-new-big,,2022/8/pr_2022_8_31_10_34_54_32_01.jpg"
"1698053718-11","https://www.x-kom.pl/g-5/c/345-karty-graficzne.html?hide_unavailable=1","","https://www.x-kom.pl/p/715089-karta-graficzna-amd-asrock-radeon-rx-6500-xt-phantom-gaming-d-oc-4gb-gddr6.html","ASRock Radeon RX 6500 XT Phantom Gaming D OC 4GB GDDR6","849,00 zł","Radeon™ RX 6500 XT","4 GB","GDDR6","https://cdn.x-kom.pl/i/setup/images/prod/big/product-new-big,,2022/1/pr_2022_1_19_15_26_3_437_04.jpg"
"1698053724-12","https://www.x-kom.pl/g-5/c/345-karty-graficzne.html?hide_unavailable=1","","https://www.x-kom.pl/p/742126-karta-graficzna-amd-xfx-radeon-rx-6800-xt-speedster-merc-319-16gb-gddr6.html","XFX Radeon RX 6800 XT Speedster MERC 319 16GB GDDR6","2 799,00 zł","Radeon™ RX 6800 XT","16 GB","GDDR6","https://cdn.x-kom.pl/i/setup/images/prod/big/product-new-big,,2022/4/pr_2022_4_22_10_52_10_786_06.jpg"
"1698053730-13","https://www.x-kom.pl/g-5/c/345-karty-graficzne.html?hide_unavailable=1","","https://www.x-kom.pl/p/742555-karta-graficzna-amd-asrock-radeon-rx-6400-challenger-itx-4gb-gddr6.html","ASRock Radeon RX 6400 Challenger ITX 4GB GDDR6","759,00 zł","Radeon™ RX 6400","4 GB","GDDR6","https://cdn.x-kom.pl/i/setup/images/prod/big/product-new-big,,2022/5/pr_2022_5_11_11_37_30_655_00.png"
"1698053736-14","https://www.x-kom.pl/g-5/c/345-karty-graficzne.html?hide_unavailable=1","","https://www.x-kom.pl/p/744262-karta-graficzna-nvidia-pny-quadro-a5000-24gb-gddr6.html","PNY Quadro A5000 24GB GDDR6","13 799,00 zł","Quadro RTX A5000","24 GB","GDDR6","https://cdn.x-kom.pl/i/setup/images/prod/big/product-new-big,,2022/4/pr_2022_4_29_9_27_4_888_00.jpg"
"1698053746-15","https://www.x-kom.pl/g-5/c/345-karty-graficzne.html?hide_unavailable=1","","https://www.x-kom.pl/p/1053241-karta-graficzna-amd-powercolor-radeon-rx-6700-xt-fighter-12gb-gddr6.html","PowerColor Radeon RX 6700 XT Fighter 12GB GDDR6","2 199,00 zł","Radeon™ RX 6700 XT","12 GB","GDDR6","https://cdn.x-kom.pl/i/setup/images/prod/big/product-new-big,,2022/6/pr_2022_6_30_14_36_33_620_04.jpg"
"1698053754-16","https://www.x-kom.pl/g-5/c/345-karty-graficzne.html?hide_unavailable=1","","https://www.x-kom.pl/p/1070736-karta-graficzna-nvidia-pny-quadro-a4500-20gb-gddr6.html","PNY Quadro A4500 20GB GDDR6","7 399,00 zł","Quadro RTX A4500","20 GB","GDDR6","https://cdn.x-kom.pl/i/setup/images/prod/big/product-new-big,,2022/9/pr_2022_9_22_12_35_26_185_04.jpg"
"1698053759-17","https://www.x-kom.pl/g-5/c/345-karty-graficzne.html?hide_unavailable=1","","https://www.x-kom.pl/p/1075553-karta-graficzna-nvidia-inno3d-geforce-rtx-4090-ichill-black-24gb-gddr6x.html","Inno3D GeForce RTX 4090 iChill Black 24GB GDDR6X","9 199,00 zł","GeForce RTX 4090","24 GB","GDDR6X","https://cdn.x-kom.pl/i/setup/images/prod/big/product-new-big,,2022/10/pr_2022_10_10_12_34_19_865_01.jpg"
"1698053764-18","https://www.x-kom.pl/g-5/c/345-karty-graficzne.html?hide_unavailable=1","","https://www.x-kom.pl/p/1083476-karta-graficzna-nvidia-gigabyte-geforce-rtx-4080-eagle-16gb-gddrx6.html","Gigabyte GeForce RTX 4080 EAGLE 16GB GDDRX6","6 399,00 zł","GeForce RTX 4080","16 GB","GDDR6X","https://cdn.x-kom.pl/i/setup/images/prod/big/product-new-big,,2022/11/pr_2022_11_9_12_36_11_846_00.jpg"
"1698053771-19","https://www.x-kom.pl/g-5/c/345-karty-graficzne.html?hide_unavailable=1","","https://www.x-kom.pl/p/1083483-karta-graficzna-nvidia-palit-geforce-rtx-4080-gamerock-16gb-gddr6x.html","Palit GeForce RTX 4080 GameRock 16GB GDDR6X","5 899,00 zł","GeForce RTX 4080","16 GB","GDDR6X","https://cdn.x-kom.pl/i/setup/images/prod/big/product-new-big,,2022/10/pr_2022_10_24_7_9_1_886_00.jpg"
"1698053775-20","https://www.x-kom.pl/g-5/c/345-karty-graficzne.html?hide_unavailable=1","","https://www.x-kom.pl/p/1083487-karta-graficzna-nvidia-inno3d-geforce-rtx-4080-ichill-black-16gb-gddr6x.html","Inno3D GeForce RTX 4080 ICHILL BLACK 16GB GDDR6X","6 799,00 zł","GeForce RTX 4080","16 GB","GDDR6X","https://cdn.x-kom.pl/i/setup/images/prod/big/product-new-big,,2022/11/pr_2022_11_10_10_39_53_898_02.jpg"
"1698053781-21","https://www.x-kom.pl/g-5/c/345-karty-graficzne.html?hide_unavailable=1","","https://www.x-kom.pl/p/1101320-karta-graficzna-nvidia-zotac-geforce-rtx-4070-ti-gaming-amp-extreme-airo-12gb-gddr6x.html","Zotac GeForce RTX 4070 Ti Gaming AMP EXTREME AIRO 12GB GDDR6X","4 599,00 zł","GeForce RTX 4070 Ti","12 GB","GDDR6X","https://cdn.x-kom.pl/i/setup/images/prod/big/product-new-big,,2023/1/pr_2023_1_3_13_16_21_403_00.jpg"
"1698053787-22","https://www.x-kom.pl/g-5/c/345-karty-graficzne.html?hide_unavailable=1","","https://www.x-kom.pl/p/1104112-karta-graficzna-amd-powercolor-radeon-rx-7900-xt-hellhound-20gb-gddr6.html","PowerColor Radeon RX 7900 XT Hellhound 20GB GDDR6","5 349,00 zł","Radeon™ RX 7900 XT","20 GB","GDDR6","https://cdn.x-kom.pl/i/setup/images/prod/big/product-new-big,,2023/1/pr_2023_1_2_10_58_5_177_00.jpg"
"1698053795-23","https://www.x-kom.pl/g-5/c/345-karty-graficzne.html?hide_unavailable=1","","https://www.x-kom.pl/p/1107146-karta-graficzna-nvidia-palit-geforce-rtx-4080-gamingpro-oc-16gb-gddr6x.html","Palit GeForce RTX 4080 GamingPro OC 16GB GDDR6X","6 599,00 zł","GeForce RTX 4080","16 GB","GDDR6X","https://cdn.x-kom.pl/i/setup/images/prod/big/product-new-big,,2023/1/pr_2023_1_12_7_44_13_968_06.jpg"
"1698053800-24","https://www.x-kom.pl/g-5/c/345-karty-graficzne.html?hide_unavailable=1","","https://www.x-kom.pl/p/1107147-karta-graficzna-nvidia-palit-geforce-rtx-4080-gamingpro-16gb-gddr6x.html","Palit GeForce RTX 4080 GamingPro 16GB GDDR6X","6 699,00 zł","GeForce RTX 4080","16 GB","GDDR6X","https://cdn.x-kom.pl/i/setup/images/prod/big/product-new-big,,2023/1/pr_2023_1_12_8_11_26_836_07.jpg"
"1698053808-25","https://www.x-kom.pl/g-5/c/345-karty-graficzne.html?hide_unavailable=1","","https://www.x-kom.pl/p/1107862-karta-graficzna-nvidia-gigabyte-geforce-rtx-3060-gaming-oc-8gb-gddr6.html","Gigabyte GeForce RTX 3060 GAMING OC 8GB GDDR6","1 599,00 zł","GeForce RTX 3060","8 GB","GDDR6","https://cdn.x-kom.pl/i/setup/images/prod/big/product-new-big,,2023/1/pr_2023_1_16_13_45_12_509_07.jpg"
"1698053813-26","https://www.x-kom.pl/g-5/c/345-karty-graficzne.html?hide_unavailable=1","","https://www.x-kom.pl/p/1116312-karta-graficzna-amd-sapphire-radeon-rx-7900-xtx-nitro-gaming-oc-24gb-gddr6.html","Sapphire Radeon RX 7900 XTX NITRO+ GAMING OC 24GB GDDR6","5 889,00 zł","Radeon™ RX 7900 XTX","24 GB","GDDR6","https://cdn.x-kom.pl/i/setup/images/prod/big/product-new-big,,2023/2/pr_2023_2_10_17_58_21_278_05.jpg"
"1698053817-27","https://www.x-kom.pl/g-5/c/345-karty-graficzne.html?hide_unavailable=1","","https://www.x-kom.pl/p/1116313-karta-graficzna-amd-sapphire-radeon-rx-7900-xt-nitro-gaming-oc-20gb-gddr6.html","Sapphire Radeon RX 7900 XT NITRO+ GAMING OC 20GB GDDR6","5 399,00 zł","Radeon™ RX 7900 XT","20 GB","GDDR6","https://cdn.x-kom.pl/i/setup/images/prod/big/product-new-big,,2023/2/pr_2023_2_10_17_29_36_106_05.jpg"
"1698053824-28","https://www.x-kom.pl/g-5/c/345-karty-graficzne.html?hide_unavailable=1","","https://www.x-kom.pl/p/1132675-karta-graficzna-nvidia-asus-geforce-rtx-4070-dual-oc-12gb-gddr6x.html","ASUS GeForce RTX 4070 DUAL OC 12GB GDDR6X","3 199,00 zł","GeForce RTX 4070","12 GB","GDDR6X","https://cdn.x-kom.pl/i/setup/images/prod/big/product-new-big,,2023/4/pr_2023_4_13_8_51_13_991_00.jpg"
"1698053830-29","https://www.x-kom.pl/g-5/c/345-karty-graficzne.html?hide_unavailable=1","","https://www.x-kom.pl/p/1134481-karta-graficzna-nvidia-asus-geforce-rtx-4070-dual-oc-white-12gb-gddr6x.html","ASUS GeForce RTX 4070 DUAL OC WHITE 12GB GDDR6X","3 499,00 zł","GeForce RTX 4070","12 GB","GDDR6X","https://cdn.x-kom.pl/i/setup/images/prod/big/product-new-big,,2023/4/pr_2023_4_13_8_41_48_921_11.jpg"
"1698053836-30","https://www.x-kom.pl/g-5/c/345-karty-graficzne.html?hide_unavailable=1","","https://www.x-kom.pl/p/1146637-karta-graficzna-nvidia-asus-geforce-rtx-4060-ti-dual-white-oc-8g-gddr6.html","ASUS GeForce RTX 4060 Ti Dual White OC 8G GDDR6","2 199,00 zł","GeForce RTX 4060 Ti","8 GB","GDDR6","https://cdn.x-kom.pl/i/setup/images/prod/big/product-new-big,,2023/5/pr_2023_5_23_15_16_14_263_00.jpg"
"1698053843-31","https://www.x-kom.pl/g-5/c/345-karty-graficzne.html?hide_unavailable=1","","https://www.x-kom.pl/p/1151790-karta-graficzna-nvidia-zotac-geforce-rtx-4070-ti-amp-airo-spiderman-12gb-gddr6x.html","Zotac GeForce RTX 4070 Ti AMP AIRO SPIDERMAN 12GB GDDR6X","4 499,00 zł","GeForce RTX 4070 Ti","12 GB","GDDR6X","https://cdn.x-kom.pl/i/setup/images/prod/big/product-new-big,,2023/6/pr_2023_6_15_10_53_22_684_00.jpg"
"1698053849-32","https://www.x-kom.pl/g-5/c/345-karty-graficzne.html?hide_unavailable=1","","https://www.x-kom.pl/p/1162136-karta-graficzna-nvidia-pny-geforce-rtx-4060-ti-xlr8-verto-gaming-16gb-gddr6.html","PNY GeForce RTX 4060 Ti XLR8 VERTO Gaming 16GB GDDR6","2 769,00 zł","GeForce RTX 4060 Ti","16 GB","GDDR6","https://cdn.x-kom.pl/i/setup/images/prod/big/product-new-big,,2023/7/pr_2023_7_18_11_35_22_332_00.jpg"
"1698053853-33","https://www.x-kom.pl/g-5/c/345-karty-graficzne.html?hide_unavailable=1","","https://www.x-kom.pl/p/1173002-karta-graficzna-nvidia-gigabyte-rtx-3060-gaming-oc-8gb-gddr6.html","Gigabyte RTX 3060 GAMING OC 8GB GDDR6","1 449,00 zł","GeForce RTX 3060","8 GB","GDDR6","https://cdn.x-kom.pl/i/setup/images/prod/big/product-new-big,,2023/10/pr_2023_10_18_12_57_19_411_00.jpg"
"1698053859-34","https://www.x-kom.pl/g-5/c/345-karty-graficzne.html?hide_unavailable=1","","https://www.x-kom.pl/p/1177615-karta-graficzna-amd-powercolor-radeon-rx-7800-xt-limited-edition-16gb-gddr6.html","PowerColor Radeon RX 7800 XT Limited Edition 16GB GDDR6","3 299,00 zł","Radeon™ RX 7800 XT","16 GB","GDDR6","https://cdn.x-kom.pl/i/setup/images/prod/big/product-new-big,,2023/9/pr_2023_9_6_13_2_45_745_00.jpg"
"1698053865-35","https://www.x-kom.pl/g-5/c/345-karty-graficzne.html?hide_unavailable=1","","https://www.x-kom.pl/p/1177917-karta-graficzna-nvidia-inno3d-geforce-rtx-4090-x3-oc-white-24gb-gddr6x.html","Inno3D GeForce RTX 4090 X3 OC WHITE 24GB GDDR6X","8 399,00 zł","GeForce RTX 4090","24 GB","GDDR6X","https://cdn.x-kom.pl/i/setup/images/prod/big/product-new-big,,2023/9/pr_2023_9_21_15_29_50_269_00.jpg"
"1698053870-36","https://www.x-kom.pl/g-5/c/345-karty-graficzne.html?hide_unavailable=1","","https://www.x-kom.pl/p/1177919-karta-graficzna-nvidia-inno3d-geforce-rtx-4070-ti-x3-oc-white-12gb-gddr6x.html","Inno3D GeForce RTX 4070 Ti X3 OC WHITE 12GB GDDR6X","4 199,00 zł","GeForce RTX 4070 Ti","12 GB","GDDR6X","https://cdn.x-kom.pl/i/setup/images/prod/big/product-new-big,,2023/9/pr_2023_9_21_15_39_46_223_00.jpg"
"1698053875-37","https://www.x-kom.pl/g-5/c/345-karty-graficzne.html?hide_unavailable=1","","https://www.x-kom.pl/p/1180615-karta-graficzna-nvidia-pny-rtx-a2000-12gb-gddr6.html","PNY RTX A2000 12GB GDDR6","2 849,00 zł","Quadro RTX A2000","12 GB","GDDR6","https://cdn.x-kom.pl/i/setup/images/prod/big/product-new-big,,2023/10/pr_2023_10_4_15_27_22_373_00.jpg"
"1698053922-46","https://www.x-kom.pl/g-5/c/345-karty-graficzne.html?hide_unavailable=1","","https://www.x-kom.pl/p/1186428-karta-graficzna-intel-asrock-a580-challenger-oc-8gb-gddr6.html","ASRock A580 Challenger OC 8GB GDDR6","999,00 zł","Intel Arc A580","8 GB","GDDR6","https://cdn.x-kom.pl/i/setup/images/prod/big/product-new-big,,2023/10/pr_2023_10_11_12_41_1_969_00.jpg"
"1698053928-47","https://www.x-kom.pl/g-5/c/345-karty-graficzne.html?hide_unavailable=1","","https://www.x-kom.pl/p/1187328-karta-graficzna-amd-powercolor-fighter-radeon-rx-7800-xt-16gb-gddr6.html","PowerColor Fighter Radeon RX 7800 XT 16GB GDDR6","2 699,00 zł","Radeon™ RX 7800 XT","16 GB","GDDR6","https://cdn.x-kom.pl/i/setup/images/prod/big/product-new-big,,2023/10/pr_2023_10_17_9_56_16_575_00.jpg"
"1698053935-48","https://www.x-kom.pl/g-5/c/345-karty-graficzne.html?hide_unavailable=1","","https://www.x-kom.pl/p/1188987-karta-graficzna-amd-asrock-radeon-rx-7800-xt-challenger-oc-16gb-gddr6.html","ASRock Radeon RX 7800 XT Challenger OC 16GB GDDR6","2 699,00 zł","Radeon™ RX 7800 XT","16 GB","GDDR6","https://cdn.x-kom.pl/i/setup/images/prod/big/product-new-big,,2023/10/pr_2023_10_17_10_31_45_368_00.jpg"
"1698053941-49","https://www.x-kom.pl/g-5/c/345-karty-graficzne.html?hide_unavailable=1","","https://www.x-kom.pl/p/1188989-karta-graficzna-amd-xfx-radeon-rx-7800-xt-speedster-qick319-cr-16gb-gddr6.html","XFX Radeon RX 7800 XT SPEEDSTER QICK319 CR 16GB GDDR6","2 799,00 zł","Radeon™ RX 7800 XT","16 GB","GDDR6","https://cdn.x-kom.pl/i/setup/images/prod/big/product-new-big,,2023/10/pr_2023_10_17_11_11_11_693_00.jpg"
"1698053946-50","https://www.x-kom.pl/g-5/c/345-karty-graficzne.html?hide_unavailable=1","","https://www.x-kom.pl/p/428856-karta-graficzna-nvidia-msi-geforce-gt-1030-2ghd4-lp-oc-2gb-ddr4.html","MSI GeForce GT 1030 2GHD4 LP OC 2GB DDR4","439,00 zł","GeForce GT 1030","2 GB","DDR4","https://cdn.x-kom.pl/i/setup/images/prod/big/product-new-big,,2018/5/pr_2018_5_9_17_56_43_39_00.jpg"
"1698053952-51","https://www.x-kom.pl/g-5/c/345-karty-graficzne.html?hide_unavailable=1","","https://www.x-kom.pl/p/564177-karta-graficzna-nvidia-asus-geforce-gtx-1650-tuf-gaming-oc-4gb-gddr6.html","ASUS GeForce GTX 1650 TUF Gaming OC 4GB GDDR6","1 069,00 zł","GeForce GTX 1650","4 GB","GDDR6","https://cdn.x-kom.pl/i/setup/images/prod/big/product-new-big,,2020/5/pr_2020_5_22_18_56_44_617_04.jpg"
"1698053957-52","https://www.x-kom.pl/g-5/c/345-karty-graficzne.html?hide_unavailable=1","","https://www.x-kom.pl/p/623617-karta-graficzna-nvidia-pny-quadro-p1000-v2-4gb-gddr5.html","PNY Quadro P1000 V2 4GB GDDR5","1 499,00 zł","Quadro P1000","4 GB","GDDR5","https://cdn.x-kom.pl/i/setup/images/prod/big/product-new-big,,2021/1/pr_2021_1_19_13_36_35_581_02.jpg"
"1698053962-53","https://www.x-kom.pl/g-5/c/345-karty-graficzne.html?hide_unavailable=1","","https://www.x-kom.pl/p/638564-karta-graficzna-nvidia-kfa2-geforce-rtx-3060-1-click-oc-lhr-12-gb-gddr6.html","KFA2 GeForce RTX 3060 1-Click OC LHR 12 GB GDDR6","1 599,00 zł","GeForce RTX 3060","12 GB","GDDR6","https://cdn.x-kom.pl/i/setup/images/prod/big/product-new-big,,2021/3/pr_2021_3_17_16_31_12_55_05.jpg"
"1698053968-54","https://www.x-kom.pl/g-5/c/345-karty-graficzne.html?hide_unavailable=1","","https://www.x-kom.pl/p/715687-karta-graficzna-nvidia-gigabyte-geforce-rtx-3050-eagle-8gb-gddr6.html","Gigabyte GeForce RTX 3050 EAGLE 8GB GDDR6","1 499,00 zł","GeForce RTX 3050","8 GB","GDDR6","https://cdn.x-kom.pl/i/setup/images/prod/big/product-new-big,,2022/1/pr_2022_1_24_14_12_32_624_07.jpg"
"1698053973-55","https://www.x-kom.pl/g-5/c/345-karty-graficzne.html?hide_unavailable=1","","https://www.x-kom.pl/p/722479-karta-graficzna-nvidia-pny-quadro-t400-4gb-ddr6.html","PNY Quadro T400 4GB DDR6","1 089,00 zł","Quadro T400","4 GB","GDDR6","https://cdn.x-kom.pl/i/setup/images/prod/big/product-new-big,,2022/2/pr_2022_2_13_9_36_34_687_03.jpg"
"1698053978-56","https://www.x-kom.pl/g-5/c/345-karty-graficzne.html?hide_unavailable=1","","https://www.x-kom.pl/p/734128-karta-graficzna-nvidia-msi-geforce-gt-730-2gb-ddr3.html","MSI GeForce GT 730 2GB DDR3","359,00 zł","GeForce GT 730","2 GB","DDR3","https://cdn.x-kom.pl/i/setup/images/prod/big/product-new-big,,2022/3/pr_2022_3_24_9_44_19_950_03.jpg"
"1698053984-57","https://www.x-kom.pl/g-5/c/345-karty-graficzne.html?hide_unavailable=1","","https://www.x-kom.pl/p/742553-karta-graficzna-amd-gigabyte-radeon-rx-6400-eagle-4gb-gddr6.html","Gigabyte Radeon RX 6400 EAGLE 4GB GDDR6","779,00 zł","Radeon™ RX 6400","4 GB","GDDR6","https://cdn.x-kom.pl/i/setup/images/prod/big/product-new-big,,2022/4/pr_2022_4_20_12_46_31_274_06.jpg"
"1698053990-58","https://www.x-kom.pl/g-5/c/345-karty-graficzne.html?hide_unavailable=1","","https://www.x-kom.pl/p/1052371-karta-graficzna-nvidia-gainward-geforce-gtx-1630-ghost-4gb-gddr6.html","Gainward GeForce GTX 1630 Ghost 4GB GDDR6","799,00 zł","GeForce GTX 1630","4 GB","GDDR6","https://cdn.x-kom.pl/i/setup/images/prod/big/product-new-big,,2022/6/pr_2022_6_28_14_23_2_263_07.jpg"
"1698053997-59","https://www.x-kom.pl/g-5/c/345-karty-graficzne.html?hide_unavailable=1","","https://www.x-kom.pl/p/1075548-karta-graficzna-nvidia-inno3d-geforce-rtx-4090-ichill-x3-24gb-gddr6x.html","Inno3D GeForce RTX 4090 iChill X3 24GB GDDR6X","8 499,00 zł","GeForce RTX 4090","24 GB","GDDR6X","https://cdn.x-kom.pl/i/setup/images/prod/big/product-new-big,,2022/10/pr_2022_10_10_12_17_21_810_01.jpg"
"1698054002-60","https://www.x-kom.pl/g-5/c/345-karty-graficzne.html?hide_unavailable=1","","https://www.x-kom.pl/p/1075869-karta-graficzna-nvidia-gigabyte-geforce-rtx-4090-aorus-master-24gb-gddr6x.html","Gigabyte GeForce RTX 4090 Aorus MASTER 24GB GDDR6X","9 899,00 zł","GeForce RTX 4090","24 GB","GDDR6X","https://cdn.x-kom.pl/i/setup/images/prod/big/product-new-big,,2022/10/pr_2022_10_10_12_52_40_411_06.jpg"
"1698054008-61","https://www.x-kom.pl/g-5/c/345-karty-graficzne.html?hide_unavailable=1","","https://www.x-kom.pl/p/1083491-karta-graficzna-nvidia-inno3d-geforce-rtx-4080-x3-oc-16gb-gddr6x.html","Inno3D GeForce RTX 4080 X3 OC 16GB GDDR6X","5 899,00 zł","GeForce RTX 4080","16 GB","GDDR6X","https://cdn.x-kom.pl/i/setup/images/prod/big/product-new-big,,2022/11/pr_2022_11_15_7_16_55_394_00.jpg"
"1698054014-62","https://www.x-kom.pl/g-5/c/345-karty-graficzne.html?hide_unavailable=1","","https://www.x-kom.pl/p/1083492-karta-graficzna-nvidia-inno3d-geforce-rtx-4080-x3-16gb-gddr6x.html","Inno3D GeForce RTX 4080 X3 16GB GDDR6X","5 999,00 zł","GeForce RTX 4080","16 GB","GDDR6X","https://cdn.x-kom.pl/i/setup/images/prod/big/product-new-big,,2022/11/pr_2022_11_15_7_32_49_390_00.jpg"
"1698054022-63","https://www.x-kom.pl/g-5/c/345-karty-graficzne.html?hide_unavailable=1","","https://www.x-kom.pl/p/1088561-karta-graficzna-nvidia-msi-geforce-rtx-3060-ventus-2x-oc-8gb-gddr6.html","MSI GeForce RTX 3060 VENTUS 2X OC 8GB GDDR6","1 629,00 zł","GeForce RTX 3060","8 GB","GDDR6","https://cdn.x-kom.pl/i/setup/images/prod/big/product-new-big,,2022/11/pr_2022_11_9_12_42_42_563_01.jpg"
"1698054029-64","https://www.x-kom.pl/g-5/c/345-karty-graficzne.html?hide_unavailable=1","","https://www.x-kom.pl/p/1133990-karta-graficzna-amd-asus-radeon-rx-560-dual-4gb-gddr5.html","ASUS Radeon RX 560 Dual 4GB GDDR5","629,00 zł","Radeon™ RX 560","4 GB","GDDR5","https://cdn.x-kom.pl/i/setup/images/prod/big/product-new-big,,2023/4/pr_2023_4_3_12_20_38_140_04.jpg"
"1698054035-65","https://www.x-kom.pl/g-5/c/345-karty-graficzne.html?hide_unavailable=1","","https://www.x-kom.pl/p/1146019-karta-graficzna-nvidia-inno3d-geforce-rtx-4060-ti-x3-oc-8gb-gddr6.html","Inno3D GeForce RTX 4060 Ti X3 OC 8GB GDDR6","2 149,00 zł","GeForce RTX 4060 Ti","8 GB","GDDR6","https://cdn.x-kom.pl/i/setup/images/prod/big/product-new-big,,2023/5/pr_2023_5_24_8_29_52_603_00.jpg"
"1698054045-66","https://www.x-kom.pl/g-5/c/345-karty-graficzne.html?hide_unavailable=1","","https://www.x-kom.pl/p/1162041-karta-graficzna-nvidia-asus-geforce-rtx-4060-ti-dual-oc-16gb-gddr6.html","ASUS GeForce RTX 4060 Ti Dual OC 16GB GDDR6","2 699,00 zł","GeForce RTX 4060 Ti","16 GB","GDDR6","https://cdn.x-kom.pl/i/setup/images/prod/big/product-new-big,,2023/7/pr_2023_7_18_10_53_9_969_00.jpg"
"1698054050-67","https://www.x-kom.pl/g-5/c/345-karty-graficzne.html?hide_unavailable=1","","https://www.x-kom.pl/p/1162043-karta-graficzna-nvidia-asus-geforce-rtx-4060-ti-proart-oc-16gb-gddr6.html","ASUS GeForce RTX 4060 Ti  ProArt OC 16GB GDDR6","2 999,00 zł","GeForce RTX 4060 Ti","16 GB","GDDR6","https://cdn.x-kom.pl/i/setup/images/prod/big/product-new-big,,2023/7/pr_2023_7_18_10_20_53_809_00.jpg"
"1698054056-68","https://www.x-kom.pl/g-5/c/345-karty-graficzne.html?hide_unavailable=1","","https://www.x-kom.pl/p/1162134-karta-graficzna-nvidia-pny-geforce-rtx-4060-ti-verto-dual-fan-16gb-gddr6.html","PNY GeForce RTX 4060 Ti  VERTO Dual Fan 16GB GDDR6","2 399,00 zł","GeForce RTX 4060 Ti","16 GB","GDDR6","https://cdn.x-kom.pl/i/setup/images/prod/big/product-new-big,,2023/7/pr_2023_7_18_12_45_13_273_00.jpg"
"1698054068-70","https://www.x-kom.pl/g-5/c/345-karty-graficzne.html?hide_unavailable=1","","https://www.x-kom.pl/p/1183564-karta-graficzna-nvidia-msi-geforce-rtx-4060-gaming-x-nv-edition-8gb-gddr6.html","MSI GeForce RTX 4060 Gaming X NV EDITION 8GB GDDR6","1 859,00 zł","GeForce RTX 4060","8 GB","GDDR6","https://cdn.x-kom.pl/i/setup/images/prod/big/product-new-big,,2023/9/pr_2023_9_26_13_22_5_230_00.jpg"
"1698054073-71","https://www.x-kom.pl/g-5/c/345-karty-graficzne.html?hide_unavailable=1","","https://www.x-kom.pl/p/408644-karta-graficzna-nvidia-inno3d-geforce-gt-710-1gb-64bit.html","Inno3D GeForce GT 710 1GB 64bit","199,00 zł","GeForce GT 710","1 GB","DDR3","https://cdn.x-kom.pl/i/setup/images/prod/big/product-new-big,,2018/2/pr_2018_2_12_11_40_40_223_00.jpg"
"1698054078-72","https://www.x-kom.pl/g-5/c/345-karty-graficzne.html?hide_unavailable=1","","https://www.x-kom.pl/p/1066853-karta-graficzna-nvidia-pny-quadro-t1000-8gb-gddr6.html","PNY Quadro T1000 8GB GDDR6","2 499,00 zł","Quadro T1000","8 GB","GDDR6","https://cdn.x-kom.pl/i/setup/images/prod/big/product-new-big,,2022/9/pr_2022_9_26_11_27_16_299_03.jpg"
"1698054083-73","https://www.x-kom.pl/g-5/c/345-karty-graficzne.html?hide_unavailable=1","","https://www.x-kom.pl/p/1075543-karta-graficzna-nvidia-inno3d-geforce-rtx-4090-x3-oc-24gb-gddr6x.html","Inno3D GeForce RTX 4090 X3 OC 24GB GDDR6X","8 099,00 zł","GeForce RTX 4090","24 GB","GDDR6X","https://cdn.x-kom.pl/i/setup/images/prod/big/product-new-big,,2022/10/pr_2022_10_10_12_23_43_999_01.jpg"
"1698054088-74","https://www.x-kom.pl/g-5/c/345-karty-graficzne.html?hide_unavailable=1","","https://www.x-kom.pl/p/1083488-karta-graficzna-nvidia-inno3d-geforce-rtx-4080-ichill-frostbite-16gb-gddr6x.html","Inno3D GeForce RTX 4080 ICHILL FROSTBITE 16GB GDDR6X","6 399,00 zł","GeForce RTX 4080","16 GB","GDDR6X","https://cdn.x-kom.pl/i/setup/images/prod/big/product-new-big,,2022/11/pr_2022_11_10_10_11_1_876_02.jpg"
"1698054096-75","https://www.x-kom.pl/g-5/c/345-karty-graficzne.html?hide_unavailable=1","","https://www.x-kom.pl/p/1083489-karta-graficzna-nvidia-inno3d-geforce-rtx-4080-ichill-x3-16gb-gddr6x.html","Inno3D GeForce RTX 4080 ICHILL X3 16GB GDDR6X","6 299,00 zł","GeForce RTX 4080","16 GB","GDDR6X","https://cdn.x-kom.pl/i/setup/images/prod/big/product-new-big,,2022/11/pr_2022_11_10_10_43_59_541_02.jpg"
"1698054103-76","https://www.x-kom.pl/g-5/c/345-karty-graficzne.html?hide_unavailable=1","","https://www.x-kom.pl/p/1089611-karta-graficzna-intel-asrock-arc-a750-challenger-d-oc-8gb-gddr6.html","ASRock Arc A750 Challenger D OC 8GB GDDR6","1 149,00 zł","Intel Arc A750","8 GB","GDDR6","https://cdn.x-kom.pl/i/setup/images/prod/big/product-new-big,,2022/11/pr_2022_11_15_10_0_50_470_05.jpg"
"1698054114-77","https://www.x-kom.pl/g-5/c/345-karty-graficzne.html?hide_unavailable=1","","https://www.x-kom.pl/p/1098611-karta-graficzna-nvidia-msi-geforce-rtx-4070-ti-suprim-x-12gb-gddr6x.html","MSI GeForce RTX 4070 Ti SUPRIM X 12GB GDDR6X","4 699,00 zł","GeForce RTX 4070 Ti","12 GB","GDDR6X","https://cdn.x-kom.pl/i/setup/images/prod/big/product-new-big,,2023/1/pr_2023_1_3_9_32_59_753_00.jpg"
"1698054121-78","https://www.x-kom.pl/g-5/c/345-karty-graficzne.html?hide_unavailable=1","","https://www.x-kom.pl/p/1100067-karta-graficzna-nvidia-kfa2-geforce-rtx-4080-sg-1-click-oc-16gb-gddr6x.html","KFA2 GeForce RTX 4080 SG 1-Click OC 16GB GDDR6X","6 539,00 zł","GeForce RTX 4080","16 GB","GDDR6X","https://cdn.x-kom.pl/i/setup/images/prod/big/product-new-big,,2022/12/pr_2022_12_15_8_26_50_240_02.jpg"
"1698054127-79","https://www.x-kom.pl/g-5/c/345-karty-graficzne.html?hide_unavailable=1","","https://www.x-kom.pl/p/1100809-karta-graficzna-nvidia-pny-geforce-rtx-4090-xlr8-gaming-verto-oc-24gb-gddr6x.html","PNY GeForce RTX 4090 XLR8 Gaming Verto OC 24GB GDDR6X","8 299,00 zł","GeForce RTX 4090","24 GB","GDDR6X","https://cdn.x-kom.pl/i/setup/images/prod/big/product-new-big,,2022/12/pr_2022_12_15_9_35_30_140_07.jpg"
"1698054133-80","https://www.x-kom.pl/g-5/c/345-karty-graficzne.html?hide_unavailable=1","","https://www.x-kom.pl/p/1151788-karta-graficzna-nvidia-zotac-geforce-rtx-4070-amp-airo-spiderman-12gb-gddr6x.html","Zotac GeForce RTX 4070 AMP AIRO SPIDERMAN 12GB GDDR6X","3 499,00 zł","GeForce RTX 4070","12 GB","GDDR6X","https://cdn.x-kom.pl/i/setup/images/prod/big/product-new-big,,2023/6/pr_2023_6_15_11_0_52_358_00.jpg"
"1698054142-81","https://www.x-kom.pl/g-5/c/345-karty-graficzne.html?hide_unavailable=1","","https://www.x-kom.pl/p/1157864-karta-graficzna-nvidia-asus-geforce-rtx-4070-ti-proart-oc-12gb-gddr6x.html","ASUS GeForce RTX 4070 Ti ProArt OC 12GB GDDR6X","4 459,00 zł","GeForce RTX 4070 Ti","12 GB","GDDR6X","https://cdn.x-kom.pl/i/setup/images/prod/big/product-new-big,,2023/7/pr_2023_7_12_10_49_38_940_00.jpg"
"1698054149-82","https://www.x-kom.pl/g-5/c/345-karty-graficzne.html?hide_unavailable=1","","https://www.x-kom.pl/p/1158696-karta-graficzna-amd-powercolor-radeon-rx-7600-hellhound-8-gb-gddr6.html","PowerColor Radeon RX 7600 Hellhound 8 GB GDDR6","1 399,00 zł","Radeon™ RX 7600","8 GB","GDDR6","https://cdn.x-kom.pl/i/setup/images/prod/big/product-new-big,,2023/7/pr_2023_7_31_12_42_6_391_00.jpg"
"1698054154-83","https://www.x-kom.pl/g-5/c/345-karty-graficzne.html?hide_unavailable=1","","https://www.x-kom.pl/p/1172097-karta-graficzna-nvidia-msi-geforce-rtx-4060-ti-gaming-x-slim-white-16gb-gddr6.html","MSI GeForce RTX 4060 Ti GAMING X SLIM WHITE 16GB GDDR6","2 499,00 zł","GeForce RTX 4060 Ti","16 GB","GDDR6","https://cdn.x-kom.pl/i/setup/images/prod/big/product-new-big,,2023/10/pr_2023_10_18_12_14_55_889_00.jpg"
"1698054160-84","https://www.x-kom.pl/g-5/c/345-karty-graficzne.html?hide_unavailable=1","","https://www.x-kom.pl/p/1177395-karta-graficzna-amd-asus-radeon-rx-7800-xt-tuf-gaming-16gb-gddr6.html","ASUS Radeon RX 7800 XT TUF Gaming 16GB GDDR6","2 999,00 zł","Radeon™ RX 7800 XT","16 GB","GDDR6","https://cdn.x-kom.pl/i/setup/images/prod/big/product-new-big,,2023/9/pr_2023_9_5_14_41_3_726_00.jpg"
"1698054169-85","https://www.x-kom.pl/g-5/c/345-karty-graficzne.html?hide_unavailable=1","","https://www.x-kom.pl/p/1177904-karta-graficzna-nvidia-inno3d-geforce-rtx-4090-ichill-frostbite-ultra-24gb-gddr6x.html","Inno3D GeForce RTX 4090 iChill Frostbite Ultra 24GB GDDR6X","8 999,00 zł","GeForce RTX 4090","24 GB","GDDR6X","https://cdn.x-kom.pl/i/setup/images/prod/big/product-new-big,,2023/9/pr_2023_9_21_15_22_25_149_00.jpg"
"1698054176-86","https://www.x-kom.pl/g-5/c/345-karty-graficzne.html?hide_unavailable=1","","https://www.x-kom.pl/p/392334-karta-graficzna-nvidia-inno3d-geforce-gt-1030-2gb-gddr5.html","Inno3D GeForce GT 1030 2GB GDDR5","399,00 zł","GeForce GT 1030","2 GB","GDDR5","https://cdn.x-kom.pl/i/setup/images/prod/big/product-new-big,,2017/11/pr_2017_11_10_9_9_10_157_00.png"
"1698054181-87","https://www.x-kom.pl/g-5/c/345-karty-graficzne.html?hide_unavailable=1","","https://www.x-kom.pl/p/747790-karta-graficzna-amd-asrock-radeon-rx-6650-xt-challenger-d-oc-8gb-gddr6.html","ASRock Radeon RX 6650 XT Challenger D OC 8GB GDDR6","1 199,00 zł","Radeon™ RX 6650 XT","8 GB","GDDR6","https://cdn.x-kom.pl/i/setup/images/prod/big/product-new-big,,2022/5/pr_2022_5_11_10_0_17_700_05.jpg"
"1698054187-88","https://www.x-kom.pl/g-5/c/345-karty-graficzne.html?hide_unavailable=1","","https://www.x-kom.pl/p/1075550-karta-graficzna-nvidia-inno3d-geforce-rtx-4090-ichill-frostbite-24gb-gddr6x.html","Inno3D GeForce RTX 4090 iChill Frostbite 24GB GDDR6X","8 699,00 zł","GeForce RTX 4090","24 GB","GDDR6X","https://cdn.x-kom.pl/i/setup/images/prod/big/product-new-big,,2022/10/pr_2022_10_10_12_43_53_724_01.jpg"
"1698054193-89","https://www.x-kom.pl/g-5/c/345-karty-graficzne.html?hide_unavailable=1","","https://www.x-kom.pl/p/1099095-karta-graficzna-amd-gigabyte-radeon-rx-7900-xt-gaming-oc-20gb-gddr6.html","Gigabyte Radeon RX 7900 XT GAMING OC 20GB GDDR6","4 999,00 zł","Radeon™ RX 7900 XT","20 GB","GDDR6","https://cdn.x-kom.pl/i/setup/images/prod/big/product-new-big,,2022/12/pr_2022_12_11_13_48_5_975_07.jpg"
"1698054200-90","https://www.x-kom.pl/g-5/c/345-karty-graficzne.html?hide_unavailable=1","","https://www.x-kom.pl/p/1130783-karta-graficzna-nvidia-inno3d-geforce-rtx-4070-ichill-x3-12gb-gddr6x.html","Inno3D GeForce RTX 4070 iChill X3 12GB GDDR6X","3 329,00 zł","GeForce RTX 4070","12 GB","GDDR6X","https://cdn.x-kom.pl/i/setup/images/prod/big/product-new-big,,2023/4/pr_2023_4_12_12_53_51_872_02.jpg"
"1698054206-91","https://www.x-kom.pl/g-5/c/345-karty-graficzne.html?hide_unavailable=1","","https://www.x-kom.pl/p/1130784-karta-graficzna-nvidia-inno3d-geforce-rtx-4070-x3-oc-12gb-gddr6x.html","Inno3D GeForce RTX 4070 X3 OC 12GB GDDR6X","3 299,00 zł","GeForce RTX 4070","12 GB","GDDR6X","https://cdn.x-kom.pl/i/setup/images/prod/big/product-new-big,,2023/4/pr_2023_4_12_12_39_51_258_01.jpg"
"1698054213-92","https://www.x-kom.pl/g-5/c/345-karty-graficzne.html?hide_unavailable=1","","https://www.x-kom.pl/p/1146626-karta-graficzna-nvidia-gigabyte-geforce-rtx-4060-ti-aero-oc-8g-gddr6.html","Gigabyte GeForce RTX 4060 Ti Aero OC 8G GDDR6","2 329,00 zł","GeForce RTX 4060 Ti","8 GB","GDDR6","https://cdn.x-kom.pl/i/setup/images/prod/big/product-new-big,,2023/5/pr_2023_5_23_9_18_30_375_00.jpg"
"1698054221-93","https://www.x-kom.pl/g-5/c/345-karty-graficzne.html?hide_unavailable=1","","https://www.x-kom.pl/p/1146634-karta-graficzna-nvidia-asus-geforce-rtx-4060-ti-dual-oc-8g-gddr6.html","ASUS GeForce RTX 4060 Ti Dual OC 8G GDDR6","2 199,00 zł","GeForce RTX 4060 Ti","8 GB","GDDR6","https://cdn.x-kom.pl/i/setup/images/prod/big/product-new-big,,2023/5/pr_2023_5_23_15_27_51_446_00.jpg"
"1698054227-94","https://www.x-kom.pl/g-5/c/345-karty-graficzne.html?hide_unavailable=1","","https://www.x-kom.pl/p/1147312-karta-graficzna-nvidia-asus-geforce-rtx-4060-ti-tuf-gaming-oc-8g-gddr6.html","ASUS GeForce RTX 4060 Ti TUF Gaming OC 8G GDDR6","2 499,00 zł","GeForce RTX 4060 Ti","8 GB","GDDR6","https://cdn.x-kom.pl/i/setup/images/prod/big/product-new-big,,2023/5/pr_2023_5_24_8_53_41_609_00.jpg"
"1698054232-95","https://www.x-kom.pl/g-5/c/345-karty-graficzne.html?hide_unavailable=1","","https://www.x-kom.pl/p/1162035-karta-graficzna-nvidia-gigabyte-geforce-rtx-4060-ti-aero-oc-16gb-gddr6.html","Gigabyte GeForce RTX 4060 Ti Aero OC 16GB GDDR6","2 699,00 zł","GeForce RTX 4060 Ti","16 GB","GDDR6","https://cdn.x-kom.pl/i/setup/images/prod/big/product-new-big,,2023/7/pr_2023_7_18_9_38_17_545_00.jpg"
"1698054237-96","https://www.x-kom.pl/g-5/c/345-karty-graficzne.html?hide_unavailable=1","","https://www.x-kom.pl/p/1177622-karta-graficzna-amd-powercolor-radeon-rx-7700-xt-fighter-12gb-gddr6.html","PowerColor Radeon RX 7700 XT Fighter 12GB GDDR6","2 399,00 zł","Radeon™ RX 7700 XT","12 GB","GDDR6","https://cdn.x-kom.pl/i/setup/images/prod/big/product-new-big,,2023/9/pr_2023_9_6_12_51_20_981_00.jpg"
"1698054243-97","https://www.x-kom.pl/g-5/c/345-karty-graficzne.html?hide_unavailable=1","","https://www.x-kom.pl/p/1177981-karta-graficzna-nvidia-inno3d-geforce-rtx-4060-twin-x2-oc-white-8gb-gddr6.html","Inno3D GeForce RTX 4060 Twin X2 OC WHITE  8GB GDDR6","1 599,00 zł","GeForce RTX 4060","8 GB","GDDR6","https://cdn.x-kom.pl/i/setup/images/prod/big/product-new-big,,2023/9/pr_2023_9_21_16_6_58_437_00.jpg"
"1698054249-98","https://www.x-kom.pl/g-5/c/345-karty-graficzne.html?hide_unavailable=1","","https://www.x-kom.pl/p/616270-karta-graficzna-nvidia-gigabyte-geforce-gt-710-2gb-ddr5.html","Gigabyte GeForce GT 710 2GB DDR5","319,00 zł","GeForce GT 710","2 GB","DDR5","https://cdn.x-kom.pl/i/setup/images/prod/big/product-new-big,,2020/12/pr_2020_12_23_13_46_30_763_03.jpg"
"1698054257-99","https://www.x-kom.pl/g-5/c/345-karty-graficzne.html?hide_unavailable=1","","https://www.x-kom.pl/p/1075254-karta-graficzna-nvidia-palit-geforce-rtx-4090-gamerock-oc-24gb-gddr6x.html","Palit GeForce RTX 4090 GameRock OC 24GB GDDR6X","8 399,00 zł","GeForce RTX 4090","24 GB","GDDR6X","https://cdn.x-kom.pl/i/setup/images/prod/big/product-new-big,,2022/10/pr_2022_10_10_11_32_4_320_00.jpg"
"1698054263-100","https://www.x-kom.pl/g-5/c/345-karty-graficzne.html?hide_unavailable=1","","https://www.x-kom.pl/p/1075531-karta-graficzna-nvidia-zotac-geforce-rtx-4090-gaming-trinity-oc-24gb-gddr6x.html","Zotac GeForce RTX 4090 Gaming Trinity OC 24GB GDDR6X","8 299,00 zł","GeForce RTX 4090","24 GB","GDDR6X","https://cdn.x-kom.pl/i/setup/images/prod/big/product-new-big,,2022/10/pr_2022_10_10_12_3_8_342_00.jpg"
"1698054269-101","https://www.x-kom.pl/g-5/c/345-karty-graficzne.html?hide_unavailable=1","","https://www.x-kom.pl/p/1096143-karta-graficzna-nvidia-gigabyte-geforce-rtx-4070-ti-aorus-master-12gb-gddr6x.html","Gigabyte GeForce RTX 4070 Ti AORUS MASTER 12GB GDDR6X","4 799,00 zł","GeForce RTX 4070 Ti","12 GB","GDDR6X","https://cdn.x-kom.pl/i/setup/images/prod/big/product-new-big,,2023/1/pr_2023_1_2_9_38_48_829_07.jpg"
"1698054274-102","https://www.x-kom.pl/g-5/c/345-karty-graficzne.html?hide_unavailable=1","","https://www.x-kom.pl/p/1130786-karta-graficzna-nvidia-inno3d-geforce-rtx-4070-x2-oc-12gb-gddr6x.html","Inno3D GeForce RTX 4070 X2 OC 12GB GDDR6X","2 999,00 zł","GeForce RTX 4070","12 GB","GDDR6X","https://cdn.x-kom.pl/i/setup/images/prod/big/product-new-big,,2023/4/pr_2023_4_12_12_1_42_827_01.jpg"
"1698054280-103","https://www.x-kom.pl/g-5/c/345-karty-graficzne.html?hide_unavailable=1","","https://www.x-kom.pl/p/1142176-karta-graficzna-nvidia-asus-geforce-rtx-4070-ti-rog-strix-gaming-12gb-gddr6x.html","ASUS GeForce RTX 4070 TI ROG STRIX GAMING 12GB GDDR6X","4 999,00 zł","GeForce RTX 4070 Ti","12 GB","GDDR6X","https://cdn.x-kom.pl/i/setup/images/prod/big/product-new-big,,2023/6/pr_2023_6_20_12_44_36_371_00.jpg"
"1698054286-104","https://www.x-kom.pl/g-5/c/345-karty-graficzne.html?hide_unavailable=1","","https://www.x-kom.pl/p/1146015-karta-graficzna-nvidia-msi-geforce-rtx-4060-ti-gaming-x-trio-8g-gddr6.html","MSI GeForce RTX 4060 Ti Gaming X Trio 8G GDDR6","2 349,00 zł","GeForce RTX 4060 Ti","8 GB","GDDR6","https://cdn.x-kom.pl/i/setup/images/prod/big/product-new-big,,2023/5/pr_2023_5_22_15_35_53_856_00.jpg"
"1698054291-105","https://www.x-kom.pl/g-5/c/345-karty-graficzne.html?hide_unavailable=1","","https://www.x-kom.pl/p/1147815-karta-graficzna-amd-asrock-radeon-rx-7600-phantom-gaming-oc-8g-gddr6.html","ASRock Radeon RX 7600 Phantom Gaming  OC 8G GDDR6","1 439,00 zł","Radeon™ RX 7600","8 GB","GDDR6","https://cdn.x-kom.pl/i/setup/images/prod/big/product-new-big,,2023/5/pr_2023_5_25_15_10_0_64_00.jpg"
"1698054297-106","https://www.x-kom.pl/g-5/c/345-karty-graficzne.html?hide_unavailable=1","","https://www.x-kom.pl/p/1156755-karta-graficzna-nvidia-pny-geforce-rtx-4060-xlr8-gaming-verto-8gb-gddr6.html","PNY GeForce RTX 4060 XLR8 Gaming VERTO 8GB GDDR6","1 679,00 zł","GeForce RTX 4060","8 GB","GDDR6","https://cdn.x-kom.pl/i/setup/images/prod/big/product-new-big,,2023/6/pr_2023_6_28_10_33_12_201_00.jpg"
"1698054302-107","https://www.x-kom.pl/g-5/c/345-karty-graficzne.html?hide_unavailable=1","","https://www.x-kom.pl/p/1184222-karta-graficzna-nvidia-pny-rtx-4070-xlr8-gaming-verto-epic-x-rg-12gb-gddr6x.html","PNY RTX 4070 XLR8 Gaming Verto EPIC-X RG 12GB GDDR6X","3 149,00 zł","GeForce RTX 4070","12 GB","GDDR6X","https://cdn.x-kom.pl/i/setup/images/prod/big/product-new-big,,2023/9/pr_2023_9_29_14_48_52_425_00.jpg"
"1698054309-108","https://www.x-kom.pl/g-5/c/345-karty-graficzne.html?hide_unavailable=1","","https://www.x-kom.pl/p/1083466-karta-graficzna-nvidia-gigabyte-geforce-rtx-4080-aorus-master-16gb-gddrx6.html","Gigabyte GeForce RTX 4080 AORUS MASTER 16GB GDDRX6","7 299,00 zł","GeForce RTX 4080","16 GB","GDDR6X","https://cdn.x-kom.pl/i/setup/images/prod/big/product-new-big,,2022/11/pr_2022_11_9_9_57_51_948_00.jpg"
"1698054316-109","https://www.x-kom.pl/g-5/c/345-karty-graficzne.html?hide_unavailable=1","","https://www.x-kom.pl/p/1085982-karta-graficzna-nvidia-asus-geforce-rtx-4080-tuf-gaming-oc-16gb-gddr6x.html","ASUS GeForce RTX 4080 TUF Gaming OC 16GB GDDR6X","6 999,00 zł","GeForce RTX 4080","16 GB","GDDR6X","https://cdn.x-kom.pl/i/setup/images/prod/big/product-new-big,,2022/12/pr_2022_12_1_7_43_32_845_03.png"
"1698054325-110","https://www.x-kom.pl/g-5/c/345-karty-graficzne.html?hide_unavailable=1","","https://www.x-kom.pl/p/1107143-karta-graficzna-nvidia-gainward-geforce-rtx-4080-phoenix-16gb-gddr6x.html","Gainward GeForce RTX 4080 Phoenix 16GB GDDR6X","5 999,00 zł","GeForce RTX 4080","16 GB","GDDR6X","https://cdn.x-kom.pl/i/setup/images/prod/big/product-new-big,,2023/1/pr_2023_1_12_7_32_19_361_06.jpg"
"1698054331-111","https://www.x-kom.pl/g-5/c/345-karty-graficzne.html?hide_unavailable=1","","https://www.x-kom.pl/p/1146022-karta-graficzna-nvidia-inno3d-geforce-rtx-4060-ti-twin-white-x2-oc-8gb-gddr6.html","Inno3D GeForce RTX 4060 Ti Twin White X2 OC 8GB GDDR6","2 049,00 zł","GeForce RTX 4060 Ti","8 GB","GDDR6","https://cdn.x-kom.pl/i/setup/images/prod/big/product-new-big,,2023/5/pr_2023_5_24_8_38_41_559_00.jpg"
"1698054337-112","https://www.x-kom.pl/g-5/c/345-karty-graficzne.html?hide_unavailable=1","","https://www.x-kom.pl/p/1177618-karta-graficzna-amd-powercolor-radeon-rx-7800-xt-red-devil-16gb-gddr6.html","PowerColor Radeon RX 7800 XT Red Devil 16GB GDDR6","3 169,00 zł","Radeon™ RX 7800 XT","16 GB","GDDR6","https://cdn.x-kom.pl/i/setup/images/prod/big/product-new-big,,2023/9/pr_2023_9_6_13_0_11_808_00.jpg"
"1698054344-113","https://www.x-kom.pl/g-5/c/345-karty-graficzne.html?hide_unavailable=1","","https://www.x-kom.pl/p/372376-karta-graficzna-nvidia-gigabyte-geforce-gt-1030-oc-2gb-gddr5.html","Gigabyte GeForce GT 1030 OC 2GB GDDR5","469,00 zł","GeForce GT 1030","2 GB","GDDR5","https://cdn.x-kom.pl/i/setup/images/prod/big/product-new-big,,2017/7/pr_2017_7_3_8_7_12_366.png"
"1698054350-114","https://www.x-kom.pl/g-5/c/345-karty-graficzne.html?hide_unavailable=1","","https://www.x-kom.pl/p/1075537-karta-graficzna-nvidia-msi-geforce-rtx-4090-gaming-x-trio-24gb-gddr6x.html","MSI GeForce RTX 4090 GAMING X TRIO 24GB GDDR6X","8 999,00 zł","GeForce RTX 4090","24 GB","GDDR6X","https://cdn.x-kom.pl/i/setup/images/prod/big/product-new-big,,2022/10/pr_2022_10_10_13_29_8_931_04.jpg"
"1698054357-115","https://www.x-kom.pl/g-5/c/345-karty-graficzne.html?hide_unavailable=1","","https://www.x-kom.pl/p/1150321-karta-graficzna-amd-xfx-radeon-rx-7600-black-edition-8gb-gddr6.html","XFX Radeon RX 7600 Black Edition 8GB GDDR6","1 429,00 zł","Radeon™ RX 7600","8 GB","GDDR6","https://cdn.x-kom.pl/i/setup/images/prod/big/product-new-big,,2023/6/pr_2023_6_15_10_37_42_611_00.jpg"
"1698054364-116","https://www.x-kom.pl/g-5/c/345-karty-graficzne.html?hide_unavailable=1","","https://www.x-kom.pl/p/1162034-karta-graficzna-nvidia-gainward-geforce-rtx-4060-ti-panther-oc-16gb-gddr6.html","Gainward GeForce RTX 4060 Ti Panther OC 16GB GDDR6","2 449,00 zł","GeForce RTX 4060 Ti","16 GB","GDDR6","https://cdn.x-kom.pl/i/setup/images/prod/big/product-new-big,,2023/7/pr_2023_7_18_10_36_59_970_00.jpg"
"1698054370-117","https://www.x-kom.pl/g-5/c/345-karty-graficzne.html?hide_unavailable=1","","https://www.x-kom.pl/p/735531-karta-graficzna-amd-msi-radeon-rx-6650-xt-mech-2x-oc-8gb-gddr6.html","MSI Radeon RX 6650 XT MECH 2X OC 8GB GDDR6","1 369,00 zł","Radeon™ RX 6650 XT","8 GB","GDDR6","https://cdn.x-kom.pl/i/setup/images/prod/big/product-new-big,,2022/5/pr_2022_5_11_8_40_46_66_00.jpg"
"1698054377-118","https://www.x-kom.pl/g-5/c/345-karty-graficzne.html?hide_unavailable=1","","https://www.x-kom.pl/p/1075867-karta-graficzna-nvidia-gigabyte-geforce-rtx-4090-aorus-xtreme-waterforce-24gb-gddr6x.html","Gigabyte GeForce RTX 4090 Aorus XTREME WATERFORCE 24GB GDDR6X","9 499,00 zł","GeForce RTX 4090","24 GB","GDDR6X","https://cdn.x-kom.pl/i/setup/images/prod/big/product-new-big,,2022/10/pr_2022_10_10_13_9_51_15_06.jpg"
"1698054382-119","https://www.x-kom.pl/g-5/c/345-karty-graficzne.html?hide_unavailable=1","","https://www.x-kom.pl/p/1146617-karta-graficzna-nvidia-gainward-geforce-rtx-4060-ti-pegasus-8gb-gddr6.html","Gainward GeForce RTX 4060 Ti Pegasus 8GB GDDR6","1 949,00 zł","GeForce RTX 4060 Ti","8 GB","GDDR6","https://cdn.x-kom.pl/i/setup/images/prod/big/product-new-big,,2023/5/pr_2023_5_23_9_4_22_411_00.jpg"
"1698054387-120","https://www.x-kom.pl/g-5/c/345-karty-graficzne.html?hide_unavailable=1","","https://www.x-kom.pl/p/1162038-karta-graficzna-nvidia-msi-geforce-rtx-4060-ti-gaming-x-slim-16gb-gddr6.html","MSI GeForce RTX 4060 Ti Gaming X SLIM 16GB GDDR6","2 699,00 zł","GeForce RTX 4060 Ti","16 GB","GDDR6","https://cdn.x-kom.pl/i/setup/images/prod/big/product-new-big,,2023/7/pr_2023_7_18_9_10_19_21_00.jpg"
"1698054392-121","https://www.x-kom.pl/g-5/c/345-karty-graficzne.html?hide_unavailable=1","","https://www.x-kom.pl/p/1085978-karta-graficzna-nvidia-msi-geforce-rtx-4080-ventus-3x-oc-16gb-gddrx.html","MSI GeForce RTX 4080 VENTUS 3X OC 16GB GDDRX","5 999,00 zł","GeForce RTX 4080","16 GB","GDDR6X","https://cdn.x-kom.pl/i/setup/images/prod/big/product-new-big,,2022/11/pr_2022_11_4_21_52_10_577_00.jpg"
"1698054398-122","https://www.x-kom.pl/g-5/c/345-karty-graficzne.html?hide_unavailable=1","","https://www.x-kom.pl/p/1099092-karta-graficzna-amd-gigabyte-radeon-rx-7900-xtx-gaming-oc-24gb-gddr6.html","Gigabyte Radeon RX 7900 XTX GAMING OC 24GB GDDR6","4 999,00 zł","Radeon™ RX 7900 XTX","24 GB","GDDR6","https://cdn.x-kom.pl/i/setup/images/prod/big/product-new-big,,2022/12/pr_2022_12_11_13_23_29_305_06.jpg"
"1698054404-123","https://www.x-kom.pl/g-5/c/345-karty-graficzne.html?hide_unavailable=1","","https://www.x-kom.pl/p/1151787-karta-graficzna-nvidia-zotac-geforce-rtx-4060-ti-twin-edge-oc-spiderman-8gb-gddr6.html","Zotac GeForce RTX 4060 Ti Twin Edge OC SPIDERMAN 8GB GDDR6","2 099,00 zł","GeForce RTX 4060 Ti","8 GB","GDDR6","https://cdn.x-kom.pl/i/setup/images/prod/big/product-new-big,,2023/6/pr_2023_6_15_11_9_24_933_00.jpg"
"1698054410-124","https://www.x-kom.pl/g-5/c/345-karty-graficzne.html?hide_unavailable=1","","https://www.x-kom.pl/p/1156761-karta-graficzna-nvidia-inno3d-geforce-rtx-4060-compact-8gb-gddr6.html","Inno3D GeForce RTX 4060 COMPACT 8GB GDDR6","1 449,00 zł","GeForce RTX 4060","8 GB","GDDR6","https://cdn.x-kom.pl/i/setup/images/prod/big/product-new-big,,2023/6/pr_2023_6_28_9_49_57_25_00.jpg"
"1698054416-125","https://www.x-kom.pl/g-5/c/345-karty-graficzne.html?hide_unavailable=1","","https://www.x-kom.pl/p/1156774-karta-graficzna-nvidia-gigabyte-geforce-rtx-4060-windforce-oc-8gb-gddr6.html","Gigabyte GeForce RTX 4060 Windforce OC 8GB GDDR6","1 699,00 zł","GeForce RTX 4060","8 GB","GDDR6","https://cdn.x-kom.pl/i/setup/images/prod/big/product-new-big,,2023/6/pr_2023_6_28_13_4_7_516_00.jpg"
"1698054422-126","https://www.x-kom.pl/g-5/c/345-karty-graficzne.html?hide_unavailable=1","","https://www.x-kom.pl/p/1181903-karta-graficzna-nvidia-msi-geforce-rtx-4070-ventus-2x-oc-12gb-gddr6x.html","MSI GeForce RTX 4070 VENTUS 2X OC 12GB GDDR6X","3 099,00 zł","GeForce RTX 4070","12 GB","GDDR6X","https://cdn.x-kom.pl/i/setup/images/prod/big/product-new-big,,2023/10/pr_2023_10_18_12_28_21_262_00.jpg"
"1698054427-127","https://www.x-kom.pl/g-5/c/345-karty-graficzne.html?hide_unavailable=1","","https://www.x-kom.pl/p/364184-karta-graficzna-amd-sapphire-radeon-rx-550-pulse-4gb-gddr5.html","Sapphire Radeon RX 550 PULSE 4GB GDDR5","559,00 zł","Radeon™ RX 550","4 GB","GDDR5","https://cdn.x-kom.pl/i/setup/images/prod/big/product-new-big,,2017/5/pr_2017_5_9_13_6_18_308.jpg"
"1698054434-128","https://www.x-kom.pl/g-5/c/345-karty-graficzne.html?hide_unavailable=1","","https://www.x-kom.pl/p/714992-karta-graficzna-amd-msi-radeon-rx-6500-xt-mech-2x-oc-4gb-gddr6.html","MSI Radeon RX 6500 XT MECH 2X OC 4GB GDDR6","819,00 zł","Radeon™ RX 6500 XT","4 GB","GDDR6","https://cdn.x-kom.pl/i/setup/images/prod/big/product-new-big,,2022/1/pr_2022_1_19_7_52_25_755_03.jpg"
"1698054440-129","https://www.x-kom.pl/g-5/c/345-karty-graficzne.html?hide_unavailable=1","","https://www.x-kom.pl/p/1085977-karta-graficzna-nvidia-msi-geforce-rtx-4080-gaming-x-trio-16gb-gddr6x.html","MSI GeForce RTX 4080 GAMING X TRIO 16GB GDDR6X","6 499,00 zł","GeForce RTX 4080","16 GB","GDDR6X","https://cdn.x-kom.pl/i/setup/images/prod/big/product-new-big,,2022/11/pr_2022_11_4_22_54_30_706_00.jpg"
"1698054445-130","https://www.x-kom.pl/g-5/c/345-karty-graficzne.html?hide_unavailable=1","","https://www.x-kom.pl/p/1106923-karta-graficzna-nvidia-asus-geforce-rtx-4070-ti-tuf-gaming-oc-12gb-gddr6x.html","ASUS GeForce RTX 4070 Ti TUF Gaming OC 12GB GDDR6X","4 699,00 zł","GeForce RTX 4070 Ti","12 GB","GDDR6X","https://cdn.x-kom.pl/i/setup/images/prod/big/product-new-big,,2023/1/pr_2023_1_11_8_49_56_735_00.jpg"
"1698054451-131","https://www.x-kom.pl/g-5/c/345-karty-graficzne.html?hide_unavailable=1","","https://www.x-kom.pl/p/1116315-karta-graficzna-amd-sapphire-radeon-rx-7900-xtx-pulse-gaming-oc-24gb-gddr6.html","Sapphire Radeon RX 7900 XTX PULSE GAMING OC 24GB GDDR6","5 049,00 zł","Radeon™ RX 7900 XTX","24 GB","GDDR6","https://cdn.x-kom.pl/i/setup/images/prod/big/product-new-big,,2023/2/pr_2023_2_10_17_41_27_411_05.jpg"
"1698054458-132","https://www.x-kom.pl/g-5/c/345-karty-graficzne.html?hide_unavailable=1","","https://www.x-kom.pl/p/1131074-karta-graficzna-nvidia-msi-geforce-rtx-4070-gaming-x-trio-12gb-gddr6x.html","MSI GeForce RTX 4070 GAMING X TRIO 12GB GDDR6X","3 799,00 zł","GeForce RTX 4070","12 GB","GDDR6X","https://cdn.x-kom.pl/i/setup/images/prod/big/product-new-big,,2023/4/pr_2023_4_11_11_49_28_882_09.jpg"
"1698054466-133","https://www.x-kom.pl/g-5/c/345-karty-graficzne.html?hide_unavailable=1","","https://www.x-kom.pl/p/1146017-karta-graficzna-nvidia-msi-geforce-rtx-4060-ti-ventus-3x-oc-8g-gddr6.html","MSI GeForce RTX 4060 Ti Ventus 3X OC 8G GDDR6","2 179,00 zł","GeForce RTX 4060 Ti","8 GB","GDDR6","https://cdn.x-kom.pl/i/setup/images/prod/big/product-new-big,,2023/5/pr_2023_5_22_15_40_23_170_00.jpg"
"1698054472-134","https://www.x-kom.pl/g-5/c/345-karty-graficzne.html?hide_unavailable=1","","https://www.x-kom.pl/p/1146023-karta-graficzna-nvidia-inno3d-geforce-rtx-4060-ti-twin-x2-oc-8gb-gddr6.html","Inno3D GeForce RTX 4060 Ti Twin X2 OC 8GB GDDR6","2 099,00 zł","GeForce RTX 4060 Ti","8 GB","GDDR6","https://cdn.x-kom.pl/i/setup/images/prod/big/product-new-big,,2023/5/pr_2023_5_24_8_34_15_541_00.jpg"
"1698054477-135","https://www.x-kom.pl/g-5/c/345-karty-graficzne.html?hide_unavailable=1","","https://www.x-kom.pl/p/1171279-karta-graficzna-nvidia-msi-geforce-rtx-4070-ti-gaming-x-slim-white-12gb-gddr6x.html","MSI GeForce RTX 4070 Ti GAMING X SLIM WHITE 12GB GDDR6X","4 299,00 zł","GeForce RTX 4070 Ti","12 GB","GDDR6X","https://cdn.x-kom.pl/i/setup/images/prod/big/product-new-big,,2023/8/pr_2023_8_28_12_53_36_463_00.jpg"
"1698054483-136","https://www.x-kom.pl/g-5/c/345-karty-graficzne.html?hide_unavailable=1","","https://www.x-kom.pl/p/664318-karta-graficzna-nvidia-inno3d-geforce-rtx-3060-twin-x2-oc-lhr-12gb-gddr6.html","Inno3D GeForce RTX 3060 TWIN X2 OC LHR 12GB GDDR6","1 449,00 zł","GeForce RTX 3060","12 GB","GDDR6","https://cdn.x-kom.pl/i/setup/images/prod/big/product-new-big,,2021/6/pr_2021_6_24_16_5_14_577_00.jpg"
"1698054489-137","https://www.x-kom.pl/g-5/c/345-karty-graficzne.html?hide_unavailable=1","","https://www.x-kom.pl/p/1075253-karta-graficzna-nvidia-gainward-geforce-rtx-4090-phantom-24gb-gddr6x.html","Gainward GeForce RTX 4090 Phantom 24GB GDDR6X","8 199,00 zł","GeForce RTX 4090","24 GB","GDDR6X","https://cdn.x-kom.pl/i/setup/images/prod/big/product-new-big,,2022/10/pr_2022_10_10_11_39_2_260_00.jpg"
"1698054495-138","https://www.x-kom.pl/g-5/c/345-karty-graficzne.html?hide_unavailable=1","","https://www.x-kom.pl/p/1101324-karta-graficzna-nvidia-zotac-geforce-rtx-4070-ti-gaming-trinity-oc-12gb-gddr6x.html","Zotac GeForce RTX 4070 Ti Gaming TRINITY OC 12GB GDDR6X","4 199,00 zł","GeForce RTX 4070 Ti","12 GB","GDDR6X","https://cdn.x-kom.pl/i/setup/images/prod/big/product-new-big,,2023/1/pr_2023_1_3_13_31_10_721_00.jpg"
"1698054502-139","https://www.x-kom.pl/g-5/c/345-karty-graficzne.html?hide_unavailable=1","","https://www.x-kom.pl/p/1156753-karta-graficzna-nvidia-pny-geforce-rtx-4060-dual-fan-verto-8gb-gddr6.html","PNY GeForce RTX 4060 Dual Fan VERTO 8GB GDDR6","1 519,00 zł","GeForce RTX 4060","8 GB","GDDR6","https://cdn.x-kom.pl/i/setup/images/prod/big/product-new-big,,2023/6/pr_2023_6_28_10_25_45_991_00.jpg"
"1698054510-140","https://www.x-kom.pl/g-5/c/345-karty-graficzne.html?hide_unavailable=1","","https://www.x-kom.pl/p/1156764-karta-graficzna-nvidia-zotac-geforce-rtx-4060-solo-8gb-gddr6.html","Zotac GeForce RTX 4060 SOLO 8GB GDDR6","1 489,00 zł","GeForce RTX 4060","8 GB","GDDR6","https://cdn.x-kom.pl/i/setup/images/prod/big/product-new-big,,2023/6/pr_2023_6_28_10_54_15_849_00.jpg"
"1698054517-141","https://www.x-kom.pl/g-5/c/345-karty-graficzne.html?hide_unavailable=1","","https://www.x-kom.pl/p/1162037-karta-graficzna-nvidia-msi-geforce-rtx-4060-ti-gaming-x-16gb-gddr6.html","MSI GeForce RTX 4060 Ti Gaming  X 16GB GDDR6","2 579,00 zł","GeForce RTX 4060 Ti","16 GB","GDDR6","https://cdn.x-kom.pl/i/setup/images/prod/big/product-new-big,,2023/7/pr_2023_7_18_8_53_54_590_00.jpg"
"1698054523-142","https://www.x-kom.pl/g-5/c/345-karty-graficzne.html?hide_unavailable=1","","https://www.x-kom.pl/p/1162125-karta-graficzna-nvidia-inno3d-geforce-rtx-4060-ti-twin-x2-oc-white-16gb-gddr6.html","Inno3D GeForce RTX 4060 Ti Twin X2 OC White 16GB GDDR6","2 399,00 zł","GeForce RTX 4060 Ti","16 GB","GDDR6","https://cdn.x-kom.pl/i/setup/images/prod/big/product-new-big,,2023/7/pr_2023_7_18_11_6_31_155_00.jpg"
"1698054529-143","https://www.x-kom.pl/g-5/c/345-karty-graficzne.html?hide_unavailable=1","","https://www.x-kom.pl/p/735539-karta-graficzna-amd-msi-radeon-rx-6400-aero-itx-4gb-gddr6.html","MSI Radeon RX 6400 AERO ITX 4GB GDDR6","669,00 zł","Radeon™ RX 6400","4 GB","GDDR6","https://cdn.x-kom.pl/i/setup/images/prod/big/product-new-big,,2022/8/pr_2022_8_25_9_51_53_25_04.jpg"
"1698054536-144","https://www.x-kom.pl/g-5/c/345-karty-graficzne.html?hide_unavailable=1","","https://www.x-kom.pl/p/1096138-karta-graficzna-nvidia-inno3d-geforce-rtx-4070-ti-ichill-x3-12gb-gddr6x.html","Inno3D GeForce RTX 4070 Ti iChill X3 12GB GDDR6X","4 249,00 zł","GeForce RTX 4070 Ti","12 GB","GDDR6X","https://cdn.x-kom.pl/i/setup/images/prod/big/product-new-big,,2023/1/pr_2023_1_5_15_36_49_271_02.jpg"
"1698054541-145","https://www.x-kom.pl/g-5/c/345-karty-graficzne.html?hide_unavailable=1","","https://www.x-kom.pl/p/1107145-karta-graficzna-nvidia-gainward-geforce-rtx-3050-pegasus-8gb-gddr6.html","Gainward GeForce RTX 3050 Pegasus 8GB GDDR6","1 099,00 zł","GeForce RTX 3050","8 GB","GDDR6","https://cdn.x-kom.pl/i/setup/images/prod/big/product-new-big,,2023/4/pr_2023_4_28_16_0_23_456_00.jpg"
"1698054547-146","https://www.x-kom.pl/g-5/c/345-karty-graficzne.html?hide_unavailable=1","","https://www.x-kom.pl/p/1165457-karta-graficzna-amd-asrock-radeon-rx-6800-xt-phantom-gaming-oc-16gb-gddr6.html","ASRock Radeon RX 6800 XT Phantom Gaming OC 16GB GDDR6","2 699,00 zł","Radeon™ RX 6800 XT","16 GB","GDDR6","https://cdn.x-kom.pl/i/setup/images/prod/big/product-new-big,,2023/8/pr_2023_8_30_7_55_11_990_00.jpg"
"1698054555-147","https://www.x-kom.pl/g-5/c/345-karty-graficzne.html?hide_unavailable=1","","https://www.x-kom.pl/p/1177621-karta-graficzna-amd-powercolor-radeon-rx-7700-xt-hellhound-12gb-gddr6.html","PowerColor Radeon RX 7700 XT Hellhound 12GB GDDR6","2 479,00 zł","Radeon™ RX 7700 XT","12 GB","GDDR6","https://cdn.x-kom.pl/i/setup/images/prod/big/product-new-big,,2023/9/pr_2023_9_6_12_54_29_653_00.jpg"
"1698054560-148","https://www.x-kom.pl/g-5/c/345-karty-graficzne.html?hide_unavailable=1","","https://www.x-kom.pl/p/1177940-karta-graficzna-nvidia-inno3d-geforce-rtx-4060-ti-twin-x2-16gb-gddr6.html","Inno3D GeForce RTX 4060 Ti Twin X2 16GB GDDR6","2 249,00 zł","GeForce RTX 4060 Ti","16 GB","GDDR6","https://cdn.x-kom.pl/i/setup/images/prod/big/product-new-big,,2023/9/pr_2023_9_21_15_59_43_365_00.jpg"
"1698054566-149","https://www.x-kom.pl/g-5/c/345-karty-graficzne.html?hide_unavailable=1","","https://www.x-kom.pl/p/747778-karta-graficzna-amd-sapphire-radeon-rx-6750-xt-pulse-gaming-oc-12gb-gddr6.html","Sapphire Radeon RX 6750 XT PULSE GAMING OC 12GB GDDR6","1 999,00 zł","Radeon™ RX 6750 XT","12 GB","GDDR6","https://cdn.x-kom.pl/i/setup/images/prod/big/product-new-big,,2022/5/pr_2022_5_11_9_32_34_517_05.jpg"
"1698054574-150","https://www.x-kom.pl/g-5/c/345-karty-graficzne.html?hide_unavailable=1","","https://www.x-kom.pl/p/1096136-karta-graficzna-nvidia-inno3d-geforce-rtx-4070-ti-x3-12gb-gddr6x.html","Inno3D GeForce RTX 4070 Ti X3 12GB GDDR6X","4 099,00 zł","GeForce RTX 4070 Ti","12 GB","GDDR6X","https://cdn.x-kom.pl/i/setup/images/prod/big/product-new-big,,2023/1/pr_2023_1_5_16_1_3_574_00.jpg"
"1698054581-151","https://www.x-kom.pl/g-5/c/345-karty-graficzne.html?hide_unavailable=1","","https://www.x-kom.pl/p/1146026-karta-graficzna-nvidia-palit-geforce-rtx-4060-ti-dual-oc-8gb-gddr6.html","Palit GeForce RTX 4060 Ti Dual OC 8GB GDDR6","1 999,00 zł","GeForce RTX 4060 Ti","8 GB","GDDR6","https://cdn.x-kom.pl/i/setup/images/prod/big/product-new-big,,2023/5/pr_2023_5_23_8_2_28_544_00.jpg"
"1698054588-152","https://www.x-kom.pl/g-5/c/345-karty-graficzne.html?hide_unavailable=1","","https://www.x-kom.pl/p/1156766-karta-graficzna-nvidia-gigabyte-geforce-rtx-4060-aorus-8gb-gddr6.html","Gigabyte GeForce RTX 4060 Aorus 8GB GDDR6","1 899,00 zł","GeForce RTX 4060","8 GB","GDDR6","https://cdn.x-kom.pl/i/setup/images/prod/big/product-new-big,,2023/6/pr_2023_6_28_12_31_13_179_00.jpg"
"1698054595-153","https://www.x-kom.pl/g-5/c/345-karty-graficzne.html?hide_unavailable=1","","https://www.x-kom.pl/p/1075870-karta-graficzna-nvidia-gigabyte-geforce-rtx-4090-gaming-oc-24gb-gddr6x.html","Gigabyte GeForce RTX 4090 GAMING OC 24GB GDDR6X","8 999,00 zł","GeForce RTX 4090","24 GB","GDDR6X","https://cdn.x-kom.pl/i/setup/images/prod/big/product-new-big,,2022/10/pr_2022_10_10_13_19_49_613_07.jpg"
"1698054602-154","https://www.x-kom.pl/g-5/c/345-karty-graficzne.html?hide_unavailable=1","","https://www.x-kom.pl/p/1130791-karta-graficzna-nvidia-gainward-geforce-rtx-4080-panther-16gb-gddr6x.html","Gainward GeForce RTX 4080 Panther 16GB GDDR6X","5 799,00 zł","GeForce RTX 4080","16 GB","GDDR6X","https://cdn.x-kom.pl/i/setup/images/prod/big/product-new-big,,2023/3/pr_2023_3_24_8_7_9_408_00.jpg"
"1698054609-155","https://www.x-kom.pl/g-5/c/345-karty-graficzne.html?hide_unavailable=1","","https://www.x-kom.pl/p/1146024-karta-graficzna-nvidia-inno3d-geforce-rtx-4060-ti-twin-x2-8gb-gddr6.html","Inno3D GeForce RTX 4060 Ti Twin X2 8GB GDDR6","1 949,00 zł","GeForce RTX 4060 Ti","8 GB","GDDR6","https://cdn.x-kom.pl/i/setup/images/prod/big/product-new-big,,2023/5/pr_2023_5_24_8_45_43_661_00.jpg"
"1698054615-156","https://www.x-kom.pl/g-5/c/345-karty-graficzne.html?hide_unavailable=1","","https://www.x-kom.pl/p/1162040-karta-graficzna-nvidia-zotac-geforce-rtx-4060-ti-gaming-amp-spiderman-16gb-gddr6.html","Zotac GeForce RTX 4060 Ti Gaming AMP SPIDERMAN 16GB GDDR6","2 469,00 zł","GeForce RTX 4060 Ti","16 GB","GDDR6","https://cdn.x-kom.pl/i/setup/images/prod/big/product-new-big,,2023/7/pr_2023_7_18_12_35_3_424_00.jpg"
"1698054621-157","https://www.x-kom.pl/g-5/c/345-karty-graficzne.html?hide_unavailable=1","","https://www.x-kom.pl/p/1075252-karta-graficzna-nvidia-gainward-geforce-rtx-4090-phantom-gs-24gb-gddr6x.html","Gainward GeForce RTX 4090 Phantom GS 24GB GDDR6X","8 299,00 zł","GeForce RTX 4090","24 GB","GDDR6X","https://cdn.x-kom.pl/i/setup/images/prod/big/product-new-big,,2022/10/pr_2022_10_10_11_23_51_79_00.jpg"
"1698054627-158","https://www.x-kom.pl/g-5/c/345-karty-graficzne.html?hide_unavailable=1","","https://www.x-kom.pl/p/1143530-karta-graficzna-nvidia-zotac-geforce-rtx-4060-ti-gaming-twin-edge-8gb-gddr6.html","Zotac GeForce RTX 4060 Ti  Gaming Twin Edge 8GB GDDR6","2 199,00 zł","GeForce RTX 4060 Ti","8 GB","GDDR6","https://cdn.x-kom.pl/i/setup/images/prod/big/product-new-big,,2023/5/pr_2023_5_24_8_23_43_855_00.jpg"
"1698054633-159","https://www.x-kom.pl/g-5/c/345-karty-graficzne.html?hide_unavailable=1","","https://www.x-kom.pl/p/688538-karta-graficzna-amd-xfx-radeon-rx-6600-gaming-speedster-swft-8gb-gddr6.html","XFX Radeon RX 6600 Gaming SPEEDSTER SWFT 8GB GDDR6","1 049,00 zł","Radeon™ RX 6600","8 GB","GDDR6","https://cdn.x-kom.pl/i/setup/images/prod/big/product-new-big,,2021/10/pr_2021_10_14_8_12_4_966_03.jpg"
"1698054639-160","https://www.x-kom.pl/g-5/c/345-karty-graficzne.html?hide_unavailable=1","","https://www.x-kom.pl/p/1177472-karta-graficzna-amd-gigabyte-radeon-rx-7700-xt-gaming-oc-12gb-gddr6.html","Gigabyte Radeon RX 7700 XT Gaming OC 12GB GDDR6","2 529,00 zł","Radeon™ RX 7700 XT","12 GB","GDDR6","https://cdn.x-kom.pl/i/setup/images/prod/big/product-new-big,,2023/9/pr_2023_9_6_9_26_14_341_00.jpg"
"1698054644-161","https://www.x-kom.pl/g-5/c/345-karty-graficzne.html?hide_unavailable=1","","https://www.x-kom.pl/p/1045056-karta-graficzna-amd-asrock-radeon-rx-6700-xt-challenger-d-oc-12gb-gddr6.html","ASRock Radeon RX 6700 XT Challenger D OC 12GB GDDR6","1 619,00 zł","Radeon™ RX 6700 XT","12 GB","GDDR6","https://cdn.x-kom.pl/i/setup/images/prod/big/product-new-big,,2022/5/pr_2022_5_27_17_10_4_540_04.jpg"
"1698054654-162","https://www.x-kom.pl/g-5/c/345-karty-graficzne.html?hide_unavailable=1","","https://www.x-kom.pl/p/1130787-karta-graficzna-nvidia-inno3d-geforce-rtx-4070-x2-12gb-gddr6x.html","Inno3D GeForce RTX 4070 X2 12GB GDDR6X","2 899,00 zł","GeForce RTX 4070","12 GB","GDDR6X","https://cdn.x-kom.pl/i/setup/images/prod/big/product-new-big,,2023/4/pr_2023_4_12_12_1_42_827_01.jpg"
"1698054660-163","https://www.x-kom.pl/g-5/c/345-karty-graficzne.html?hide_unavailable=1","","https://www.x-kom.pl/p/1083472-karta-graficzna-nvidia-gigabyte-geforce-rtx-4080-gaming-oc-16gb-gddrx6.html","Gigabyte GeForce RTX 4080 GAMING OC 16GB GDDRX6","6 599,00 zł","GeForce RTX 4080","16 GB","GDDR6X","https://cdn.x-kom.pl/i/setup/images/prod/big/product-new-big,,2022/11/pr_2022_11_9_12_7_1_845_06.jpg"
"1698054668-164","https://www.x-kom.pl/g-5/c/345-karty-graficzne.html?hide_unavailable=1","","https://www.x-kom.pl/p/1083481-karta-graficzna-nvidia-gainward-geforce-rtx-4080-phantom-16gb-gddr6x.html","Gainward GeForce RTX 4080 Phantom 16GB GDDR6X","5 799,00 zł","GeForce RTX 4080","16 GB","GDDR6X","https://cdn.x-kom.pl/i/setup/images/prod/big/product-new-big,,2022/10/pr_2022_10_24_8_6_20_797_00.jpg"
"1698054674-165","https://www.x-kom.pl/g-5/c/345-karty-graficzne.html?hide_unavailable=1","","https://www.x-kom.pl/p/1147051-karta-graficzna-nvidia-zotac-geforce-rtx-4070-ti-gaming-trinity-oc-white-12gb-gddr6x.html","Zotac GeForce RTX 4070 Ti Gaming Trinity OC White 12GB GDDR6X","4 699,00 zł","GeForce RTX 4070 Ti","12 GB","GDDR6X","https://cdn.x-kom.pl/i/setup/images/prod/big/product-new-big,,2023/6/pr_2023_6_20_12_34_34_608_00.jpg"
"1698054680-166","https://www.x-kom.pl/g-5/c/345-karty-graficzne.html?hide_unavailable=1","","https://www.x-kom.pl/p/1150318-karta-graficzna-amd-xfx-radeon-rx-7600-core-edition-8-gb-gddr6.html","XFX Radeon RX 7600 Core Edition 8 GB GDDR6","1 399,00 zł","Radeon™ RX 7600","8 GB","GDDR6","https://cdn.x-kom.pl/i/setup/images/prod/big/product-new-big,,2023/6/pr_2023_6_15_9_58_17_920_00.jpg"
"1698054687-167","https://www.x-kom.pl/g-5/c/345-karty-graficzne.html?hide_unavailable=1","","https://www.x-kom.pl/p/1146009-karta-graficzna-nvidia-msi-geforce-rtx-4060-ti-ventus-black-2x-oc-8g-gddr6.html","MSI GeForce RTX 4060 Ti Ventus Black 2X OC 8G GDDR6","2 039,00 zł","GeForce RTX 4060 Ti","8 GB","GDDR6","https://cdn.x-kom.pl/i/setup/images/prod/big/product-new-big,,2023/5/pr_2023_5_22_15_32_35_505_00.jpg"
"1698054695-168","https://www.x-kom.pl/g-5/c/345-karty-graficzne.html?hide_unavailable=1","","https://www.x-kom.pl/p/1171276-karta-graficzna-nvidia-msi-geforce-rtx-4070-gaming-x-slim-12gb-gddr6x.html","MSI GeForce RTX 4070 GAMING X SLIM 12GB GDDR6X","3 499,00 zł","GeForce RTX 4070","12 GB","GDDR6X","https://cdn.x-kom.pl/i/setup/images/prod/big/product-new-big,,2023/8/pr_2023_8_28_12_36_35_874_00.jpg"
"1698054702-169","https://www.x-kom.pl/g-5/c/345-karty-graficzne.html?hide_unavailable=1","","https://www.x-kom.pl/p/1171280-karta-graficzna-nvidia-msi-geforce-rtx-4070-ti-ventus-3x-e-oc-12gb-gddr6x.html","MSI GeForce RTX  4070 Ti VENTUS 3X E OC 12GB GDDR6X","4 299,00 zł","GeForce RTX 4070 Ti","12 GB","GDDR6X","https://cdn.x-kom.pl/i/setup/images/prod/big/product-new-big,,2023/8/pr_2023_8_28_11_32_3_959_02.jpg"
"1698054708-170","https://www.x-kom.pl/g-5/c/345-karty-graficzne.html?hide_unavailable=1","","https://www.x-kom.pl/p/688541-karta-graficzna-amd-powercolor-radeon-rx-6600-fighter-8gb-gddr6.html","PowerColor Radeon RX 6600 Fighter 8GB GDDR6","1 049,00 zł","Radeon™ RX 6600","8 GB","GDDR6","https://cdn.x-kom.pl/i/setup/images/prod/big/product-new-big,,2021/10/pr_2021_10_14_11_25_11_320_04.jpg"
"1698054714-171","https://www.x-kom.pl/g-5/c/345-karty-graficzne.html?hide_unavailable=1","","https://www.x-kom.pl/p/1177393-karta-graficzna-amd-asrock-radeon-rx-7800-xt-phantom-gaming-16gb-gddr6.html","ASRock Radeon RX 7800 XT Phantom Gaming 16GB GDDR6","2 999,00 zł","Radeon™ RX 7800 XT","16 GB","GDDR6","https://cdn.x-kom.pl/i/setup/images/prod/big/product-new-big,,2023/9/pr_2023_9_6_14_26_53_960_00.jpg"
"1698054721-172","https://www.x-kom.pl/g-5/c/345-karty-graficzne.html?hide_unavailable=1","","https://www.x-kom.pl/p/631032-karta-graficzna-amd-sapphire-radeon-rx-6800-gaming-oc-16gb-gddr6.html","Sapphire Radeon RX 6800 Gaming OC 16GB GDDR6","2 599,00 zł","Radeon™ RX 6800","16 GB","GDDR6","https://cdn.x-kom.pl/i/setup/images/prod/big/product-new-big,,2021/2/pr_2021_2_12_15_37_55_242_00.jpg"
"1698054727-173","https://www.x-kom.pl/g-5/c/345-karty-graficzne.html?hide_unavailable=1","","https://www.x-kom.pl/p/642344-karta-graficzna-nvidia-inno3d-geforce-gt-710-2gb-ddr3.html","Inno3D GeForce GT 710 2GB DDR3","209,00 zł","GeForce GT 710","2 GB","DDR3","https://cdn.x-kom.pl/i/setup/images/prod/big/product-new-big,,2021/3/pr_2021_3_26_15_8_47_616_00.jpg"
"1698054733-174","https://www.x-kom.pl/g-5/c/345-karty-graficzne.html?hide_unavailable=1","","https://www.x-kom.pl/p/661708-karta-graficzna-nvidia-gigabyte-geforce-rtx-3060-vision-oc-lhr-12gb-gddr6.html","Gigabyte GeForce RTX 3060 VISION OC LHR 12GB GDDR6","1 589,00 zł","GeForce RTX 3060","12 GB","GDDR6","https://cdn.x-kom.pl/i/setup/images/prod/big/product-new-big,,2021/6/pr_2021_6_15_13_10_53_731_06.jpg"
"1698054739-175","https://www.x-kom.pl/g-5/c/345-karty-graficzne.html?hide_unavailable=1","","https://www.x-kom.pl/p/1156763-karta-graficzna-nvidia-zotac-geforce-rtx-4060-twin-edge-oc-white-edition-8gb-gddr6.html","Zotac GeForce RTX 4060 Twin Edge OC White Edition 8GB GDDR6","1 599,00 zł","GeForce RTX 4060","8 GB","GDDR6","https://cdn.x-kom.pl/i/setup/images/prod/big/product-new-big,,2023/6/pr_2023_6_28_10_48_1_183_00.jpg"
"1698054745-176","https://www.x-kom.pl/g-5/c/345-karty-graficzne.html?hide_unavailable=1","","https://www.x-kom.pl/p/1156771-karta-graficzna-nvidia-gigabyte-geforce-rtx-4060-gaming-oc-8gb-gddr6.html","Gigabyte GeForce RTX 4060 Gaming OC 8GB GDDR6","1 829,00 zł","GeForce RTX 4060","8 GB","GDDR6","https://cdn.x-kom.pl/i/setup/images/prod/big/product-new-big,,2023/6/pr_2023_6_28_12_53_23_129_00.jpg"
"1698054753-177","https://www.x-kom.pl/g-5/c/345-karty-graficzne.html?hide_unavailable=1","","https://www.x-kom.pl/p/480849-karta-graficzna-nvidia-palit-geforce-gtx-1660-ti-stormx-6gb-gddr6.html","Palit GeForce GTX 1660 Ti StormX 6GB GDDR6","999,00 zł","GeForce GTX 1660 Ti","6 GB","GDDR6","https://cdn.x-kom.pl/i/setup/images/prod/big/product-new-big,,2019/2/pr_2019_2_22_10_7_37_332_04.jpg"
"1698054760-178","https://www.x-kom.pl/g-5/c/345-karty-graficzne.html?hide_unavailable=1","","https://www.x-kom.pl/p/673611-karta-graficzna-nvidia-inno3d-geforce-rtx-3060-twin-x2-lhr-12gb-gddr6.html","Inno3D GeForce RTX 3060 Twin X2 LHR 12GB GDDR6","1 459,00 zł","GeForce RTX 3060","12 GB","GDDR6","https://cdn.x-kom.pl/i/setup/images/prod/big/product-new-big,,2021/8/pr_2021_8_11_12_6_20_748_01.jpg"
"1698054766-179","https://www.x-kom.pl/g-5/c/345-karty-graficzne.html?hide_unavailable=1","","https://www.x-kom.pl/p/1130785-karta-graficzna-nvidia-inno3d-geforce-rtx-4070-x2-oc-white-12gb-gddr6x.html","Inno3D GeForce RTX 4070 X2 OC WHITE 12GB GDDR6X","3 099,00 zł","GeForce RTX 4070","12 GB","GDDR6X","https://cdn.x-kom.pl/i/setup/images/prod/big/product-new-big,,2023/4/pr_2023_4_12_11_56_29_364_02.jpg"
"1698054772-180","https://www.x-kom.pl/g-5/c/345-karty-graficzne.html?hide_unavailable=1","","https://www.x-kom.pl/p/1183110-karta-graficzna-amd-sapphire-radeon-rx-7800-xt-pure-16gb-gddr6.html","Sapphire Radeon RX 7800 XT PURE 16GB GDDR6","2 849,00 zł","Radeon™ RX 7800 XT","16 GB","GDDR6","https://cdn.x-kom.pl/i/setup/images/prod/big/product-new-big,,2023/9/pr_2023_9_27_13_3_15_239_00.jpg"
"1698054779-181","https://www.x-kom.pl/g-5/c/345-karty-graficzne.html?hide_unavailable=1","","https://www.x-kom.pl/p/1096139-karta-graficzna-nvidia-gigabyte-geforce-rtx-4070-ti-eagle-oc-12gb-gddr6x.html","Gigabyte GeForce RTX 4070 Ti EAGLE OC 12GB GDDR6X","4 499,00 zł","GeForce RTX 4070 Ti","12 GB","GDDR6X","https://cdn.x-kom.pl/i/setup/images/prod/big/product-new-big,,2023/1/pr_2023_1_2_9_28_54_7_06.jpg"
"1698054785-182","https://www.x-kom.pl/g-5/c/345-karty-graficzne.html?hide_unavailable=1","","https://www.x-kom.pl/p/735536-karta-graficzna-amd-msi-radeon-rx-6750-xt-mech-2x-oc-12gb-gddr6.html","MSI Radeon RX 6750 XT MECH 2X OC 12GB GDDR6","1 969,00 zł","Radeon™ RX 6750 XT","12 GB","GDDR6","https://cdn.x-kom.pl/i/setup/images/prod/big/product-new-big,,2022/5/pr_2022_5_11_8_55_1_791_00.jpg"
"1698054793-183","https://www.x-kom.pl/g-5/c/345-karty-graficzne.html?hide_unavailable=1","","https://www.x-kom.pl/p/1146628-karta-graficzna-nvidia-gigabyte-geforce-rtx-4060-ti-gaming-oc-8g-gddr6.html","Gigabyte GeForce RTX 4060 Ti Gaming OC 8G GDDR6","2 499,00 zł","GeForce RTX 4060 Ti","8 GB","GDDR6","https://cdn.x-kom.pl/i/setup/images/prod/big/product-new-big,,2023/5/pr_2023_5_23_9_25_37_694_00.jpg"
"1698054798-184","https://www.x-kom.pl/g-5/c/345-karty-graficzne.html?hide_unavailable=1","","https://www.x-kom.pl/p/1147188-karta-graficzna-amd-sapphire-radeon-rx-7600-pulse-gaming-oc-oc-8g-gddr6.html","Sapphire Radeon RX 7600 PULSE GAMING OC OC 8G GDDR6","1 399,00 zł","Radeon™ RX 7600","8 GB","GDDR6","https://cdn.x-kom.pl/i/setup/images/prod/big/product-new-big,,2023/5/pr_2023_5_25_14_42_49_624_05.jpg"
"1698054805-185","https://www.x-kom.pl/g-5/c/345-karty-graficzne.html?hide_unavailable=1","","https://www.x-kom.pl/p/1146012-karta-graficzna-nvidia-msi-geforce-rtx-4060-ti-gaming-x-8g-gddr6.html","MSI GeForce RTX 4060 Ti Gaming X 8G GDDR6","2 199,00 zł","GeForce RTX 4060 Ti","8 GB","GDDR6","https://cdn.x-kom.pl/i/setup/images/prod/big/product-new-big,,2023/5/pr_2023_5_22_15_24_44_761_00.jpg"
"1698054810-186","https://www.x-kom.pl/g-5/c/345-karty-graficzne.html?hide_unavailable=1","","https://www.x-kom.pl/p/1172524-karta-graficzna-nvidia-msi-geforce-rtx-4070-ti-gaming-x-slim-12gb-gddr6.html","MSI GeForce RTX 4070 Ti GAMING X SLIM 12GB GDDR6","4 199,00 zł","GeForce RTX 4070 Ti","12 GB","GDDR6X","https://cdn.x-kom.pl/i/setup/images/prod/big/product-new-big,,2023/9/pr_2023_9_21_16_14_27_169_00.jpg"
"1698054816-187","https://www.x-kom.pl/g-5/c/345-karty-graficzne.html?hide_unavailable=1","","https://www.x-kom.pl/p/1156769-karta-graficzna-nvidia-gigabyte-geforce-rtx-4060-aero-oc-8gb-gddr6.html","Gigabyte GeForce RTX 4060 Aero OC 8GB GDDR6","1 769,00 zł","GeForce RTX 4060","8 GB","GDDR6","https://cdn.x-kom.pl/i/setup/images/prod/big/product-new-big,,2023/6/pr_2023_6_28_12_40_1_214_00.jpg"
"1698054821-188","https://www.x-kom.pl/g-5/c/345-karty-graficzne.html?hide_unavailable=1","","https://www.x-kom.pl/p/1171281-karta-graficzna-nvidia-msi-geforce-rtx-4070-ventus-3x-e-oc-12gb-gddr6x.html","MSI GeForce RTX 4070 VENTUS 3X E OC 12GB GDDR6X","3 199,00 zł","GeForce RTX 4070","12 GB","GDDR6X","https://cdn.x-kom.pl/i/setup/images/prod/big/product-new-big,,2023/8/pr_2023_8_28_13_2_16_624_00.jpg"
"1698054828-189","https://www.x-kom.pl/g-5/c/345-karty-graficzne.html?hide_unavailable=1","","https://www.x-kom.pl/p/673213-karta-graficzna-nvidia-asus-geforce-rtx-3070-dual-oc-v2-lhr-8gb-gddr6.html","ASUS GeForce RTX 3070 DUAL OC V2 LHR 8GB GDDR6","2 399,00 zł","GeForce RTX 3070","8 GB","GDDR6","https://cdn.x-kom.pl/i/setup/images/prod/big/product-new-big,,2021/8/pr_2021_8_11_15_48_54_57_00.jpg"
"1698054835-190","https://www.x-kom.pl/g-5/c/345-karty-graficzne.html?hide_unavailable=1","","https://www.x-kom.pl/p/1130790-karta-graficzna-nvidia-gainward-geforce-rtx-4070-ti-panther-12gb-gddr6x.html","Gainward GeForce RTX 4070 Ti Panther 12GB GDDR6X","4 099,00 zł","GeForce RTX 4070 Ti","12 GB","GDDR6X","https://cdn.x-kom.pl/i/setup/images/prod/big/product-new-big,,2023/3/pr_2023_3_24_8_37_58_786_00.jpg"
"1698054841-191","https://www.x-kom.pl/g-5/c/345-karty-graficzne.html?hide_unavailable=1","","https://www.x-kom.pl/p/1162036-karta-graficzna-nvidia-gigabyte-geforce-rtx-4060-ti-gaming-oc-16gb-gddr6.html","Gigabyte GeForce RTX 4060 Ti Gaming OC 16GB GDDR6","2 699,00 zł","GeForce RTX 4060 Ti","16 GB","GDDR6","https://cdn.x-kom.pl/i/setup/images/prod/big/product-new-big,,2023/7/pr_2023_7_18_9_49_57_460_00.jpg"
"1698054848-192","https://www.x-kom.pl/g-5/c/345-karty-graficzne.html?hide_unavailable=1","","https://www.x-kom.pl/p/1183113-karta-graficzna-amd-sapphire-radeon-rx-7800-xt-gaming-16gb-gddr6.html","Sapphire Radeon RX 7800 XT GAMING 16GB GDDR6","2 999,00 zł","Radeon™ RX 7800 XT","16 GB","GDDR6","https://cdn.x-kom.pl/i/setup/images/prod/big/product-new-big,,2023/9/pr_2023_9_27_12_45_44_747_00.jpg"
"1698054854-193","https://www.x-kom.pl/g-5/c/345-karty-graficzne.html?hide_unavailable=1","","https://www.x-kom.pl/p/742847-karta-graficzna-amd-asus-radeon-rx-6750-xt-dual-oc-12gb-gddr6.html","ASUS Radeon RX 6750 XT Dual OC 12GB GDDR6","1 999,00 zł","Radeon™ RX 6750 XT","12 GB","GDDR6","https://cdn.x-kom.pl/i/setup/images/prod/big/product-new-big,,2022/5/pr_2022_5_11_13_46_9_464_04.jpg"
"1698054861-194","https://www.x-kom.pl/g-5/c/345-karty-graficzne.html?hide_unavailable=1","","https://www.x-kom.pl/p/1162127-karta-graficzna-nvidia-inno3d-geforce-rtx-4060-ti-twin-x2-oc-16gb-gddr6.html","Inno3D GeForce RTX 4060 Ti Twin X2 OC 16GB GDDR6","2 349,00 zł","GeForce RTX 4060 Ti","16 GB","GDDR6","https://cdn.x-kom.pl/i/setup/images/prod/big/product-new-big,,2023/7/pr_2023_7_18_11_0_2_89_00.jpg"
"1698054867-195","https://www.x-kom.pl/g-5/c/345-karty-graficzne.html?hide_unavailable=1","","https://www.x-kom.pl/p/662309-karta-graficzna-nvidia-asus-geforce-rtx-3060-tuf-gaming-oc-v2-lhr-12gb-gddr6.html","ASUS GeForce RTX 3060 TUF GAMING OC V2 LHR 12GB GDDR6","1 759,00 zł","GeForce RTX 3060","12 GB","GDDR6","https://cdn.x-kom.pl/i/setup/images/prod/big/product-new-big,,2021/6/pr_2021_6_19_19_38_44_208_02.jpg"
"1698054874-196","https://www.x-kom.pl/g-5/c/345-karty-graficzne.html?hide_unavailable=1","","https://www.x-kom.pl/p/662307-karta-graficzna-nvidia-asus-geforce-rtx-3060-dual-oc-v2-lhr-12gb-gddr6.html","ASUS GeForce RTX 3060 DUAL OC V2 LHR 12GB GDDR6","1 499,00 zł","GeForce RTX 3060","12 GB","GDDR6","https://cdn.x-kom.pl/i/setup/images/prod/big/product-new-big,,2021/6/pr_2021_6_19_20_0_23_57_02.jpg"
"1698054880-197","https://www.x-kom.pl/g-5/c/345-karty-graficzne.html?hide_unavailable=1","","https://www.x-kom.pl/p/1177385-karta-graficzna-amd-sapphire-radeon-rx-7800-xt-nitro-16gb-gddr6.html","Sapphire Radeon RX 7800 XT NITRO+ 16GB GDDR6","3 149,00 zł","Radeon™ RX 7800 XT","16 GB","GDDR6","https://cdn.x-kom.pl/i/setup/images/prod/big/product-new-big,,2023/9/pr_2023_9_5_14_11_7_621_00.jpg"
"1698054886-198","https://www.x-kom.pl/g-5/c/345-karty-graficzne.html?hide_unavailable=1","","https://www.x-kom.pl/p/1157827-karta-graficzna-amd-gigabyte-radeon-rx-7600-gaming-oc-8gb-gddr6.html","Gigabyte Radeon RX 7600 Gaming OC 8GB GDDR6","1 459,00 zł","Radeon™ RX 7600","8 GB","GDDR6","https://cdn.x-kom.pl/i/setup/images/prod/big/product-new-big,,2023/7/pr_2023_7_11_14_56_39_85_06.jpg"
"1698054893-199","https://www.x-kom.pl/g-5/c/345-karty-graficzne.html?hide_unavailable=1","","https://www.x-kom.pl/p/1146117-karta-graficzna-nvidia-gainward-geforce-rtx-4060-ti-ghost-8gb-gddr6.html","Gainward GeForce RTX 4060 Ti Ghost 8GB GDDR6","1 999,00 zł","GeForce RTX 4060 Ti","8 GB","GDDR6","https://cdn.x-kom.pl/i/setup/images/prod/big/product-new-big,,2023/5/pr_2023_5_23_9_0_45_444_00.jpg"
"1698054900-200","https://www.x-kom.pl/g-5/c/345-karty-graficzne.html?hide_unavailable=1","","https://www.x-kom.pl/p/1096141-karta-graficzna-nvidia-gigabyte-geforce-rtx-4070-ti-gaming-oc-12gb-gddr6x.html","Gigabyte GeForce RTX 4070 Ti GAMING OC 12GB GDDR6X","4 699,00 zł","GeForce RTX 4070 Ti","12 GB","GDDR6X","https://cdn.x-kom.pl/i/setup/images/prod/big/product-new-big,,2023/1/pr_2023_1_2_9_21_4_439_07.jpg"
"1698054908-201","https://www.x-kom.pl/g-5/c/345-karty-graficzne.html?hide_unavailable=1","","https://www.x-kom.pl/p/1157778-karta-graficzna-amd-asus-radeon-rx-6600-dual-v2-8gb-gddr6.html","ASUS Radeon RX 6600 Dual V2 8GB GDDR6","1 049,00 zł","Radeon™ RX 6600","8 GB","GDDR6","https://cdn.x-kom.pl/i/setup/images/prod/big/product-new-big,,2023/7/pr_2023_7_12_9_34_44_185_00.jpg"
"1698054913-202","https://www.x-kom.pl/g-5/c/345-karty-graficzne.html?hide_unavailable=1","","https://www.x-kom.pl/p/1177392-karta-graficzna-amd-sapphire-radeon-rx-7700-xt-pulse-12gb-gddr6.html","Sapphire Radeon RX 7700 XT PULSE 12GB GDDR6","2 299,00 zł","Radeon™ RX 7700 XT","12 GB","GDDR6","https://cdn.x-kom.pl/i/setup/images/prod/big/product-new-big,,2023/9/pr_2023_9_5_13_22_2_329_00.jpg"
"1698054922-203","https://www.x-kom.pl/g-5/c/345-karty-graficzne.html?hide_unavailable=1","","https://www.x-kom.pl/p/523938-karta-graficzna-nvidia-asus-geforce-gtx-1660-super-dual-oc-evo-6gb-gddr6.html","ASUS GeForce GTX 1660 SUPER DUAL OC EVO 6GB GDDR6","1 099,00 zł","GeForce GTX 1660 SUPER","6 GB","GDDR6","https://cdn.x-kom.pl/i/setup/images/prod/big/product-new-big,,2019/10/pr_2019_10_30_11_19_29_248_04.jpg"
"1698054928-204","https://www.x-kom.pl/g-5/c/345-karty-graficzne.html?hide_unavailable=1","","https://www.x-kom.pl/p/687373-karta-graficzna-amd-asrock-radeon-rx-6600-challenger-d-8gb-gddr6.html","ASRock Radeon RX 6600 Challenger D 8GB GDDR6","999,00 zł","Radeon™ RX 6600","8 GB","GDDR6","https://cdn.x-kom.pl/i/setup/images/prod/big/product-new-big,,2021/10/pr_2021_10_13_13_18_37_49_00.jpg"
"1698054932-205","https://www.x-kom.pl/g-5/c/345-karty-graficzne.html?hide_unavailable=1","","https://www.x-kom.pl/p/1162039-karta-graficzna-nvidia-msi-geforce-rtx-4060-ti-ventus-3x-oc-16gb-gddr6.html","MSI GeForce RTX 4060 Ti Ventus 3X OC 16GB GDDR6","2 459,00 zł","GeForce RTX 4060 Ti","16 GB","GDDR6","https://cdn.x-kom.pl/i/setup/images/prod/big/product-new-big,,2023/7/pr_2023_7_18_9_27_1_91_00.jpg"
"1698054937-206","https://www.x-kom.pl/g-5/c/345-karty-graficzne.html?hide_unavailable=1","","https://www.x-kom.pl/p/1177390-karta-graficzna-amd-sapphire-radeon-rx-7800-xt-pulse-16gb-gddr6.html","Sapphire Radeon RX 7800 XT PULSE 16GB GDDR6","2 789,00 zł","Radeon™ RX 7800 XT","16 GB","GDDR6","https://cdn.x-kom.pl/i/setup/images/prod/big/product-new-big,,2023/9/pr_2023_9_5_13_56_43_175_00.jpg"
"1698054943-207","https://www.x-kom.pl/g-5/c/345-karty-graficzne.html?hide_unavailable=1","","https://www.x-kom.pl/p/1156777-karta-graficzna-nvidia-msi-geforce-rtx-4060-gaming-x-8gb-gddr6.html","MSI GeForce RTX 4060 Gaming X 8GB GDDR6","1 799,00 zł","GeForce RTX 4060","8 GB","GDDR6","https://cdn.x-kom.pl/i/setup/images/prod/big/product-new-big,,2023/6/pr_2023_6_28_13_31_47_794_00.jpg"
"1698054949-208","https://www.x-kom.pl/g-5/c/345-karty-graficzne.html?hide_unavailable=1","","https://www.x-kom.pl/p/1156779-karta-graficzna-nvidia-gainward-geforce-rtx-4060-ghost-8gb-gddr6.html","Gainward GeForce RTX 4060 Ghost 8GB GDDR6","1 549,00 zł","GeForce RTX 4060","8 GB","GDDR6","https://cdn.x-kom.pl/i/setup/images/prod/big/product-new-big,,2023/6/pr_2023_6_29_6_32_39_244_00.jpg"
"1698054957-209","https://www.x-kom.pl/g-5/c/345-karty-graficzne.html?hide_unavailable=1","","https://www.x-kom.pl/p/1135379-karta-graficzna-nvidia-gigabyte-geforce-rtx-4070-gaming-oc-12gb-gddr6x.html","Gigabyte GeForce RTX 4070 GAMING OC 12GB GDDR6X","3 599,00 zł","GeForce RTX 4070","12 GB","GDDR6X","https://cdn.x-kom.pl/i/setup/images/prod/big/product-new-big,,2023/4/pr_2023_4_11_12_6_47_119_07.jpg"
"1698054965-210","https://www.x-kom.pl/g-5/c/345-karty-graficzne.html?hide_unavailable=1","","https://www.x-kom.pl/p/687464-karta-graficzna-amd-gigabyte-radeon-rx-6600-eagle-8gb-gddr6.html","Gigabyte Radeon RX 6600 EAGLE 8GB GDDR6","1 069,00 zł","Radeon™ RX 6600","8 GB","GDDR6","https://cdn.x-kom.pl/i/setup/images/prod/big/product-new-big,,2021/10/pr_2021_10_13_8_50_59_821_00.jpg"
"1698054972-211","https://www.x-kom.pl/g-5/c/345-karty-graficzne.html?hide_unavailable=1","","https://www.x-kom.pl/p/1156882-karta-graficzna-nvidia-asus-geforce-rtx-4060-dual-oc-8gb-gddr6.html","ASUS GeForce RTX 4060 Dual OC 8GB GDDR6","1 599,00 zł","GeForce RTX 4060","8 GB","GDDR6","https://cdn.x-kom.pl/i/setup/images/prod/big/product-new-big,,2023/6/pr_2023_6_28_11_27_23_748_00.jpg"
"1698054979-212","https://www.x-kom.pl/g-5/c/345-karty-graficzne.html?hide_unavailable=1","","https://www.x-kom.pl/p/687690-karta-graficzna-amd-msi-radeon-rx-6600-mech-2x-8gb-gddr6.html","MSI Radeon RX 6600 MECH 2X 8GB GDDR6","999,00 zł","Radeon™ RX 6600","8 GB","GDDR6","https://cdn.x-kom.pl/i/setup/images/prod/big/product-new-big,,2021/10/pr_2021_10_13_10_47_35_523_00.jpg"
"1698054986-213","https://www.x-kom.pl/g-5/c/345-karty-graficzne.html?hide_unavailable=1","","https://www.x-kom.pl/p/1124981-karta-graficzna-nvidia-gainward-geforce-rtx-4070-ghost-12gb-gddr6x.html","Gainward GeForce RTX 4070 Ghost 12GB GDDR6X","2 949,00 zł","GeForce RTX 4070","12 GB","GDDR6X","https://cdn.x-kom.pl/i/setup/images/prod/big/product-new-big,,2023/4/pr_2023_4_11_11_26_41_555_06.jpg"
"1698054992-214","https://www.x-kom.pl/g-5/c/345-karty-graficzne.html?hide_unavailable=1","","https://www.x-kom.pl/p/1156757-karta-graficzna-nvidia-inno3d-geforce-rtx-4060-twin-x2-oc-8gb-gddr6.html","Inno3D GeForce RTX 4060 TWIN X2 OC 8GB GDDR6","1 549,00 zł","GeForce RTX 4060","8 GB","GDDR6","https://cdn.x-kom.pl/i/setup/images/prod/big/product-new-big,,2023/6/pr_2023_6_28_9_42_17_834_00.jpg"
"1698054999-215","https://www.x-kom.pl/g-5/c/345-karty-graficzne.html?hide_unavailable=1","","https://www.x-kom.pl/p/688539-karta-graficzna-amd-sapphire-radeon-rx-6600-gaming-pulse-8gb-gddr6.html","Sapphire Radeon RX 6600 GAMING Pulse 8GB GDDR6","1 099,00 zł","Radeon™ RX 6600","8 GB","GDDR6","https://cdn.x-kom.pl/i/setup/images/prod/big/product-new-big,,2021/10/pr_2021_10_21_15_1_9_475_00.jpg"
"1698055009-216","https://www.x-kom.pl/g-5/c/345-karty-graficzne.html?hide_unavailable=1","","https://www.x-kom.pl/p/1072799-karta-graficzna-nvidia-gigabyte-geforce-rtx-3060-windforce-oc-12gb-gddr6.html","Gigabyte GeForce RTX 3060 WINDFORCE OC 12GB GDDR6","1 499,00 zł","GeForce RTX 3060","12 GB","GDDR6","https://cdn.x-kom.pl/i/setup/images/prod/big/product-new-big,,2022/9/pr_2022_9_14_17_12_0_270_07.jpg"
"1698055015-217","https://www.x-kom.pl/g-5/c/345-karty-graficzne.html?hide_unavailable=1","","https://www.x-kom.pl/p/1135381-karta-graficzna-nvidia-gigabyte-geforce-rtx-4070-eagle-oc-12gb-gddr6x.html","Gigabyte GeForce RTX 4070 EAGLE OC 12GB GDDR6X","3 199,00 zł","GeForce RTX 4070","12 GB","GDDR6X","https://cdn.x-kom.pl/i/setup/images/prod/big/product-new-big,,2023/4/pr_2023_4_11_11_57_49_631_04.jpg"
"1698055023-218","https://www.x-kom.pl/g-5/c/345-karty-graficzne.html?hide_unavailable=1","","https://www.x-kom.pl/p/1098603-karta-graficzna-nvidia-msi-geforce-rtx-4070-ti-ventus-3x-oc-12gb-gddr6x.html","MSI GeForce RTX 4070 Ti VENTUS 3X OC 12GB GDDR6X","4 179,00 zł","GeForce RTX 4070 Ti","12 GB","GDDR6X","https://cdn.x-kom.pl/i/setup/images/prod/big/product-new-big,,2023/1/pr_2023_1_3_9_27_23_61_00.jpg"
"1698055031-219","https://www.x-kom.pl/g-5/c/345-karty-graficzne.html?hide_unavailable=1","","https://www.x-kom.pl/p/633465-karta-graficzna-nvidia-gainward-geforce-rtx-3060-ghost-12gb-gddr6.html","Gainward GeForce RTX 3060 Ghost 12GB GDDR6","1 399,00 zł","GeForce RTX 3060","12 GB","GDDR6","https://cdn.x-kom.pl/i/setup/images/prod/big/product-new-big,,2021/2/pr_2021_2_23_14_0_42_139_01.jpg"
"1698055040-220","https://www.x-kom.pl/g-5/c/345-karty-graficzne.html?hide_unavailable=1","","https://www.x-kom.pl/p/633020-karta-graficzna-nvidia-zotac-geforce-rtx-3060-twin-edge-oc-lhr-12gb-gddr6.html","Zotac GeForce RTX 3060 Twin Edge OC LHR 12GB GDDR6","1 459,00 zł","GeForce RTX 3060","12 GB","GDDR6","https://cdn.x-kom.pl/i/setup/images/prod/big/product-new-big,,2021/2/pr_2021_2_22_13_39_29_197_04.jpg"
"1698055046-221","https://www.x-kom.pl/g-5/c/345-karty-graficzne.html?hide_unavailable=1","","https://www.x-kom.pl/p/633021-karta-graficzna-nvidia-zotac-geforce-rtx-3060-twin-edge-12gb-gddr6.html","Zotac GeForce RTX 3060 Twin Edge 12GB GDDR6","1 429,00 zł","GeForce RTX 3060","12 GB","GDDR6","https://cdn.x-kom.pl/i/setup/images/prod/big/product-new-big,,2021/2/pr_2021_2_22_13_53_10_939_04.jpg"
"1698055052-222","https://www.x-kom.pl/g-5/c/345-karty-graficzne.html?hide_unavailable=1","","https://www.x-kom.pl/p/632856-karta-graficzna-nvidia-msi-geforce-rtx-3060-ventus-x3-oc-12gb-gddr6.html","MSI GeForce RTX 3060 Ventus X3 OC 12GB GDDR6","1 499,00 zł","GeForce RTX 3060","12 GB","GDDR6","https://cdn.x-kom.pl/i/setup/images/prod/big/product-new-big,,2021/2/pr_2021_2_22_13_20_23_614_04.jpg"
"1698055056-223","https://www.x-kom.pl/g-5/c/345-karty-graficzne.html?hide_unavailable=1","","https://www.x-kom.pl/p/1177471-karta-graficzna-amd-gigabyte-radeon-rx-7800-xt-gaming-oc-16gb-gddr6.html","Gigabyte Radeon RX 7800 XT Gaming OC 16GB GDDR6","2 899,00 zł","Radeon™ RX 7800 XT","16 GB","GDDR6","https://cdn.x-kom.pl/i/setup/images/prod/big/product-new-big,,2023/9/pr_2023_9_6_9_40_22_321_00.jpg"
"1698055062-224","https://www.x-kom.pl/g-5/c/345-karty-graficzne.html?hide_unavailable=1","","https://www.x-kom.pl/p/630712-karta-graficzna-nvidia-msi-geforce-rtx-3060-ventus-2x-oc-12gb-gddr6.html","MSI GeForce RTX 3060 VENTUS 2X OC 12GB GDDR6","1 449,00 zł","GeForce RTX 3060","12 GB","GDDR6","https://cdn.x-kom.pl/i/setup/images/prod/big/product-new-big,,2021/2/pr_2021_2_12_15_20_7_335_04.jpg"
"1698055067-225","https://www.x-kom.pl/g-5/c/345-karty-graficzne.html?hide_unavailable=1","","https://www.x-kom.pl/p/1156776-karta-graficzna-nvidia-msi-geforce-rtx-4060-ventus-2x-black-oc-8gb-gddr6.html","MSI GeForce RTX 4060 Ventus 2X Black OC 8GB GDDR6","1 519,00 zł","GeForce RTX 4060","8 GB","GDDR6","https://cdn.x-kom.pl/i/setup/images/prod/big/product-new-big,,2023/6/pr_2023_6_28_13_23_12_64_00.jpg"
"1698055074-226","https://www.x-kom.pl/g-5/c/345-karty-graficzne.html?hide_unavailable=1","","https://www.x-kom.pl/p/641503-karta-graficzna-amd-sapphire-radeon-rx-6700-xt-pulse-12gb-gddr6.html","Sapphire Radeon RX 6700 XT PULSE 12GB GDDR6","1 869,00 zł","Radeon™ RX 6700 XT","12 GB","GDDR6","https://cdn.x-kom.pl/i/setup/images/prod/big/product-new-big,,2021/3/pr_2021_3_23_11_42_48_851_00.jpg"
"1698055083-227","https://www.x-kom.pl/g-5/c/345-karty-graficzne.html?hide_unavailable=1","","https://www.x-kom.pl/p/1156772-karta-graficzna-nvidia-gigabyte-geforce-rtx-4060-eagle-oc-8gb-gddr6.html","Gigabyte GeForce RTX 4060 Eagle OC 8GB GDDR6","1 699,00 zł","GeForce RTX 4060","8 GB","GDDR6","https://cdn.x-kom.pl/i/setup/images/prod/big/product-new-big,,2023/6/pr_2023_6_28_12_18_59_269_00.jpg"
"1698055089-228","https://www.x-kom.pl/g-5/c/345-karty-graficzne.html?hide_unavailable=1","","https://www.x-kom.pl/p/1133677-karta-graficzna-nvidia-gigabyte-geforce-rtx-3060-ti-eagle-oc-8gb-gddr6x.html","Gigabyte GeForce RTX 3060 Ti EAGLE OC 8GB GDDR6X","1 899,00 zł","GeForce RTX 3060 Ti","8 GB","GDDR6X","https://cdn.x-kom.pl/i/setup/images/prod/big/product-new-big,,2023/3/pr_2023_3_31_14_15_20_474_00.jpg"
"1698055098-229","https://www.x-kom.pl/g-5/c/345-karty-graficzne.html?hide_unavailable=1","","https://www.x-kom.pl/p/1115190-karta-graficzna-intel-intel-arc-a750-8gb-gddr6.html","Intel Arc A750 8GB GDDR6","899,00 zł","Intel Arc A750","8 GB","GDDR6","https://cdn.x-kom.pl/i/setup/images/prod/big/product-new-big,,2023/2/pr_2023_2_7_11_27_18_551_02.jpg"
"1698055107-230","https://www.x-kom.pl/g-5/c/345-karty-graficzne.html?hide_unavailable=1","","https://www.x-kom.pl/p/661715-karta-graficzna-nvidia-gigabyte-geforce-rtx-3060-eagle-oc-lhr-12gb-gddr6.html","Gigabyte GeForce RTX 3060 EAGLE OC LHR 12GB GDDR6","1 519,00 zł","GeForce RTX 3060","12 GB","GDDR6","https://cdn.x-kom.pl/i/setup/images/prod/big/product-new-big,,2021/6/pr_2021_6_15_13_30_27_153_06.jpg"
"1698055116-231","https://www.x-kom.pl/g-5/c/345-karty-graficzne.html?hide_unavailable=1","","https://www.x-kom.pl/p/661713-karta-graficzna-nvidia-gigabyte-geforce-rtx-3060-gaming-oc-lhr-12gb-gddr6.html","Gigabyte GeForce RTX 3060 GAMING OC LHR 12GB GDDR6","1 599,00 zł","GeForce RTX 3060","12 GB","GDDR6","https://cdn.x-kom.pl/i/setup/images/prod/big/product-new-big,,2021/6/pr_2021_6_15_13_24_23_26_05.jpg"
