web-scraper-order,web-scraper-start-url,Paginacja,Plyta,Plyta-href,Nazwa,Price,Handler,Format,Socket,Chipset,Image-src
"1697885040-1","https://www.x-kom.pl/g-5/c/14-plyty-glowne.html?hide_unavailable=1","https://www.x-kom.pl/g-5/c/14-plyty-glowne.html?page=2&hide_unavailable=1","","https://www.x-kom.pl/p/1070713-plyta-glowna-socket-1700-gigabyte-z790-gaming-x.html","Gigabyte Z790 GAMING X","1 199,00 zł","Intel Core i9,","ATX","Socket 1700","Intel Z790","https://cdn.x-kom.pl/i/setup/images/prod/big/product-new-big,,2022/9/pr_2022_9_30_9_22_42_427_04.jpg"
"1697885043-2","https://www.x-kom.pl/g-5/c/14-plyty-glowne.html?hide_unavailable=1","https://www.x-kom.pl/g-5/c/14-plyty-glowne.html?page=2&hide_unavailable=1","","https://www.x-kom.pl/p/1072699-plyta-glowna-socket-am5-asus-tuf-gaming-x670e-plus.html","ASUS TUF GAMING X670E-PLUS","1 449,00 zł","AMD Ryzen™","ATX","Socket AM5","AMD X670","https://cdn.x-kom.pl/i/setup/images/prod/big/product-new-big,,2022/9/pr_2022_9_27_8_28_22_974_04.jpg"
"1697885046-3","https://www.x-kom.pl/g-5/c/14-plyty-glowne.html?hide_unavailable=1","https://www.x-kom.pl/g-5/c/14-plyty-glowne.html?page=2&hide_unavailable=1","","https://www.x-kom.pl/p/1075908-plyta-glowna-socket-1700-asus-prime-z790-p-wifi.html","ASUS PRIME Z790-P WIFI","1 249,00 zł","Intel Core i9,","ATX","Socket 1700","Intel Z790","https://cdn.x-kom.pl/i/setup/images/prod/big/product-new-big,,2022/10/pr_2022_10_18_11_27_39_429_04.jpg"
"1697885050-4","https://www.x-kom.pl/g-5/c/14-plyty-glowne.html?hide_unavailable=1","https://www.x-kom.pl/g-5/c/14-plyty-glowne.html?page=2&hide_unavailable=1","","https://www.x-kom.pl/p/1115615-plyta-glowna-socket-am4-gigabyte-b550m-ds3h-ac.html","Gigabyte B550M DS3H AC","539,00 zł","AMD Ryzen™","mATX","Socket AM4","AMD B550","https://cdn.x-kom.pl/i/setup/images/prod/big/product-new-big,,2023/2/pr_2023_2_8_13_42_30_959_04.jpg"
"1697885053-5","https://www.x-kom.pl/g-5/c/14-plyty-glowne.html?hide_unavailable=1","https://www.x-kom.pl/g-5/c/14-plyty-glowne.html?page=2&hide_unavailable=1","","https://www.x-kom.pl/p/1072733-plyta-glowna-socket-am5-msi-mag-b650-tomahawk-wifi.html","MSI MAG B650 TOMAHAWK WIFI","1 149,00 zł","AMD Ryzen™","ATX","Socket AM5","AMD B650","https://cdn.x-kom.pl/i/setup/images/prod/big/product-new-big,,2022/9/pr_2022_9_19_14_15_30_631_05.jpg"
"1697885056-6","https://www.x-kom.pl/g-5/c/14-plyty-glowne.html?hide_unavailable=1","https://www.x-kom.pl/g-5/c/14-plyty-glowne.html?page=2&hide_unavailable=1","","https://www.x-kom.pl/p/1062400-plyta-glowna-socket-am5-asrock-x670e-steel-legend.html","ASRock X670E Steel Legend","1 499,00 zł","AMD Ryzen™","ATX","Socket AM5","AMD X670","https://cdn.x-kom.pl/i/setup/images/prod/big/product-new-big,,2022/8/pr_2022_8_24_12_24_45_291_01.jpg"
"1697885059-7","https://www.x-kom.pl/g-5/c/14-plyty-glowne.html?hide_unavailable=1","https://www.x-kom.pl/g-5/c/14-plyty-glowne.html?page=2&hide_unavailable=1","","https://www.x-kom.pl/p/1075906-plyta-glowna-socket-1700-asus-prime-z790-a-wifi.html","ASUS PRIME Z790-A WIFI","1 349,00 zł","Intel Core i9,","ATX","Socket 1700","Intel Z790","https://cdn.x-kom.pl/i/setup/images/prod/big/product-new-big,,2022/10/pr_2022_10_18_13_3_0_370_05.jpg"
"1697885062-8","https://www.x-kom.pl/g-5/c/14-plyty-glowne.html?hide_unavailable=1","https://www.x-kom.pl/g-5/c/14-plyty-glowne.html?page=2&hide_unavailable=1","","https://www.x-kom.pl/p/609275-plyta-glowna-socket-am4-gigabyte-a520m-ds3h.html","Gigabyte A520M DS3H","335,00 zł","AMD Ryzen™","mATX","Socket AM4","AMD A520","https://cdn.x-kom.pl/i/setup/images/prod/big/product-new-big,,2020/11/pr_2020_11_26_14_0_20_906_00.jpg"
"1697885065-9","https://www.x-kom.pl/g-5/c/14-plyty-glowne.html?hide_unavailable=1","https://www.x-kom.pl/g-5/c/14-plyty-glowne.html?page=2&hide_unavailable=1","","https://www.x-kom.pl/p/691389-plyta-glowna-socket-1700-asus-tuf-gaming-z690-plus-ddr4.html","ASUS TUF GAMING Z690-PLUS DDR4","1 159,00 zł","Intel Core i9,","ATX","Socket 1700","Intel Z690","https://cdn.x-kom.pl/i/setup/images/prod/big/product-new-big,,2021/10/pr_2021_10_27_19_50_1_505_00.jpg"
"1697885068-10","https://www.x-kom.pl/g-5/c/14-plyty-glowne.html?hide_unavailable=1","https://www.x-kom.pl/g-5/c/14-plyty-glowne.html?page=2&hide_unavailable=1","","https://www.x-kom.pl/p/1070737-plyta-glowna-socket-1700-asus-tuf-gaming-z790-plus-wifi.html","ASUS TUF GAMING Z790-PLUS WIFI","1 399,00 zł","Intel Core i9,","ATX","Socket 1700","Intel Z790","https://cdn.x-kom.pl/i/setup/images/prod/big/product-new-big,,2023/3/pr_2023_3_29_14_8_59_512_01.jpg"
"1697885071-11","https://www.x-kom.pl/g-5/c/14-plyty-glowne.html?hide_unavailable=1","https://www.x-kom.pl/g-5/c/14-plyty-glowne.html?page=2&hide_unavailable=1","","https://www.x-kom.pl/p/1146605-plyta-glowna-socket-1700-gigabyte-b760-ds3h-ax-ddr4.html","Gigabyte B760 DS3H AX DDR4","679,00 zł","Intel Core i9,","ATX","Socket 1700","Intel B760","https://cdn.x-kom.pl/i/setup/images/prod/big/product-new-big,,2023/5/pr_2023_5_25_13_37_53_184_00.jpg"
"1697885074-12","https://www.x-kom.pl/g-5/c/14-plyty-glowne.html?hide_unavailable=1","https://www.x-kom.pl/g-5/c/14-plyty-glowne.html?page=2&hide_unavailable=1","","https://www.x-kom.pl/p/1070722-plyta-glowna-socket-1700-gigabyte-z790-a-elite-ddr4.html","Gigabyte Z790 A ELITE DDR4","899,00 zł","Intel Core i9,","ATX","Socket 1700","Intel Z790","https://cdn.x-kom.pl/i/setup/images/prod/big/product-new-big,,2022/9/pr_2022_9_30_9_46_15_542_04.jpg"
"1697885077-13","https://www.x-kom.pl/g-5/c/14-plyty-glowne.html?hide_unavailable=1","https://www.x-kom.pl/g-5/c/14-plyty-glowne.html?page=2&hide_unavailable=1","","https://www.x-kom.pl/p/1071824-plyta-glowna-socket-am4-asrock-b450-pro4-r20.html","ASRock B450 PRO4 R2.0","399,00 zł","AMD Ryzen™","ATX","Socket AM4","AMD B450","https://cdn.x-kom.pl/i/setup/images/prod/big/product-new-big,,2022/9/pr_2022_9_14_13_27_58_75_04.jpg"
"1697885079-14","https://www.x-kom.pl/g-5/c/14-plyty-glowne.html?hide_unavailable=1","https://www.x-kom.pl/g-5/c/14-plyty-glowne.html?page=2&hide_unavailable=1","","https://www.x-kom.pl/p/441093-plyta-glowna-socket-1151-asrock-h310cm-dvs.html","ASRock H310CM-DVS","229,00 zł","Intel Core i7,","mATX","Socket 1151","Intel H310","https://cdn.x-kom.pl/i/setup/images/prod/big/product-new-big,,2018/7/pr_2018_7_26_8_39_57_768_00.png"
"1697885082-15","https://www.x-kom.pl/g-5/c/14-plyty-glowne.html?hide_unavailable=1","https://www.x-kom.pl/g-5/c/14-plyty-glowne.html?page=2&hide_unavailable=1","","https://www.x-kom.pl/p/1070731-plyta-glowna-socket-am5-gigabyte-b650m-gaming-x-ax.html","Gigabyte B650M GAMING X AX","869,00 zł","AMD Ryzen™","mATX","Socket AM5","AMD B650","https://cdn.x-kom.pl/i/setup/images/prod/big/product-new-big,,2022/10/pr_2022_10_18_9_56_56_901_04.jpg"
"1697885086-16","https://www.x-kom.pl/g-5/c/14-plyty-glowne.html?hide_unavailable=1","https://www.x-kom.pl/g-5/c/14-plyty-glowne.html?page=2&hide_unavailable=1","","https://www.x-kom.pl/p/711304-plyta-glowna-socket-1700-asrock-b660m-pro-rs-ddr4.html","ASRock B660M Pro RS DDR4","579,00 zł","Intel Core i9,","mATX","Socket 1700","Intel B660","https://cdn.x-kom.pl/i/setup/images/prod/big/product-new-big,,2022/1/pr_2022_1_5_11_26_34_460_04.jpg"
"1697885089-17","https://www.x-kom.pl/g-5/c/14-plyty-glowne.html?hide_unavailable=1","https://www.x-kom.pl/g-5/c/14-plyty-glowne.html?page=2&hide_unavailable=1","","https://www.x-kom.pl/p/1104374-plyta-glowna-socket-1700-gigabyte-b760-gaming-x-ax-ddr4.html","Gigabyte B760 GAMING X AX DDR4","829,00 zł","Intel Core i9,","ATX","Socket 1700","Intel B760","https://cdn.x-kom.pl/i/setup/images/prod/big/product-new-big,,2023/1/pr_2023_1_11_12_2_6_157_04.jpg"
"1697885092-18","https://www.x-kom.pl/g-5/c/14-plyty-glowne.html?hide_unavailable=1","https://www.x-kom.pl/g-5/c/14-plyty-glowne.html?page=2&hide_unavailable=1","","https://www.x-kom.pl/p/709339-plyta-glowna-socket-1700-asus-prime-h610m-k-ddr4.html","ASUS PRIME H610M-K DDR4","429,00 zł","Intel Core i9,","mATX","Socket 1700","Intel H610","https://cdn.x-kom.pl/i/setup/images/prod/big/product-new-big,,2022/1/pr_2022_1_28_19_52_15_50_01.jpg"
"1697885094-19","https://www.x-kom.pl/g-5/c/14-plyty-glowne.html?hide_unavailable=1","https://www.x-kom.pl/g-5/c/14-plyty-glowne.html?page=2&hide_unavailable=1","","https://www.x-kom.pl/p/1072764-plyta-glowna-socket-1700-msi-pro-z790-a-wifi.html","MSI PRO Z790-A WIFI","1 199,00 zł","Intel Core i9,","ATX","Socket 1700","Intel Z790","https://cdn.x-kom.pl/i/setup/images/prod/big/product-new-big,,2022/9/pr_2022_9_28_10_11_16_15_04.jpg"
"1697885098-20","https://www.x-kom.pl/g-5/c/14-plyty-glowne.html?hide_unavailable=1","https://www.x-kom.pl/g-5/c/14-plyty-glowne.html?page=2&hide_unavailable=1","","https://www.x-kom.pl/p/1107452-plyta-glowna-socket-1700-asrock-b760-pro-rs.html","ASRock B760 Pro RS","749,00 zł","Intel Core i9,","ATX","Socket 1700","Intel B760","https://cdn.x-kom.pl/i/setup/images/prod/big/product-new-big,,2023/1/pr_2023_1_16_9_10_8_247_04.jpg"
"1697885102-21","https://www.x-kom.pl/g-5/c/14-plyty-glowne.html?hide_unavailable=1","https://www.x-kom.pl/g-5/c/14-plyty-glowne.html?page=2&hide_unavailable=1","","https://www.x-kom.pl/p/1070705-plyta-glowna-socket-1700-gigabyte-z790-aorus-elite-ax.html","Gigabyte Z790 AORUS ELITE AX","1 599,00 zł","Intel Core i9,","ATX","Socket 1700","Intel Z790","https://cdn.x-kom.pl/i/setup/images/prod/big/product-new-big,,2022/9/pr_2022_9_30_9_34_19_589_04.jpg"
"1697885105-22","https://www.x-kom.pl/g-5/c/14-plyty-glowne.html?hide_unavailable=1","https://www.x-kom.pl/g-5/c/14-plyty-glowne.html?page=2&hide_unavailable=1","","https://www.x-kom.pl/p/609037-plyta-glowna-socket-am4-asus-tuf-gaming-b450-plus-ii.html","ASUS TUF GAMING B450-PLUS II","459,00 zł","AMD Ryzen™","ATX","Socket AM4","AMD B450","https://cdn.x-kom.pl/i/setup/images/prod/big/product-new-big,,2020/11/pr_2020_11_26_10_44_31_269_00.jpg"
"1697885108-23","https://www.x-kom.pl/g-5/c/14-plyty-glowne.html?hide_unavailable=1","https://www.x-kom.pl/g-5/c/14-plyty-glowne.html?page=2&hide_unavailable=1","","https://www.x-kom.pl/p/1157870-plyta-glowna-socket-1200-msi-pro-h510m-b.html","MSI PRO H510M-B","239,00 zł","Intel Core i9,","mATX","Socket 1200","Intel H470","https://cdn.x-kom.pl/i/setup/images/prod/big/product-new-big,,2023/7/pr_2023_7_12_10_3_42_190_00.jpg"
"1697885110-24","https://www.x-kom.pl/g-5/c/14-plyty-glowne.html?hide_unavailable=1","https://www.x-kom.pl/g-5/c/14-plyty-glowne.html?page=2&hide_unavailable=1","","https://www.x-kom.pl/p/614647-plyta-glowna-socket-am4-asus-tuf-gaming-b450m-plus-ii.html","ASUS TUF GAMING B450M-PLUS II","399,00 zł","AMD Ryzen™","mATX","Socket AM4","AMD B450","https://cdn.x-kom.pl/i/setup/images/prod/big/product-new-big,,2020/12/pr_2020_12_23_15_7_14_677_01.jpg"
"1697885115-25","https://www.x-kom.pl/g-5/c/14-plyty-glowne.html?hide_unavailable=1","https://www.x-kom.pl/g-5/c/14-plyty-glowne.html?page=2&hide_unavailable=1","","https://www.x-kom.pl/p/1072689-plyta-glowna-socket-am5-asus-tuf-gaming-x670e-plus-wifi.html","ASUS TUF GAMING X670E-PLUS WIFI","1 599,00 zł","AMD Ryzen™","ATX","Socket AM5","AMD X670","https://cdn.x-kom.pl/i/setup/images/prod/big/product-new-big,,2022/9/pr_2022_9_27_8_42_2_963_05.jpg"
"1697885118-26","https://www.x-kom.pl/g-5/c/14-plyty-glowne.html?hide_unavailable=1","https://www.x-kom.pl/g-5/c/14-plyty-glowne.html?page=2&hide_unavailable=1","","https://www.x-kom.pl/p/1075909-plyta-glowna-socket-1700-asus-prime-z790-p.html","ASUS PRIME Z790-P","999,00 zł","Intel Core i9,","ATX","Socket 1700","Intel Z790","https://cdn.x-kom.pl/i/setup/images/prod/big/product-new-big,,2022/10/pr_2022_10_18_11_6_26_119_02.jpg"
"1697885121-27","https://www.x-kom.pl/g-5/c/14-plyty-glowne.html?hide_unavailable=1","https://www.x-kom.pl/g-5/c/14-plyty-glowne.html?page=2&hide_unavailable=1","","https://www.x-kom.pl/p/569341-plyta-glowna-socket-am4-asus-prime-b550-plus.html","ASUS PRIME B550-PLUS","529,00 zł","AMD Ryzen™","ATX","Socket AM4","AMD B550","https://cdn.x-kom.pl/i/setup/images/prod/big/product-new-big,,2020/6/pr_2020_6_10_8_53_57_600_03.jpg"
"1697885123-28","https://www.x-kom.pl/g-5/c/14-plyty-glowne.html?hide_unavailable=1","https://www.x-kom.pl/g-5/c/14-plyty-glowne.html?page=2&hide_unavailable=1","","https://www.x-kom.pl/p/1084676-plyta-glowna-socket-1700-asrock-z790-pg-lightning.html","ASRock Z790 PG Lightning","899,00 zł","Intel Core i9,","ATX","Socket 1700","Intel Z790","https://cdn.x-kom.pl/i/setup/images/prod/big/product-new-big,,2022/10/pr_2022_10_25_9_48_3_407_04.jpg"
"1697885127-29","https://www.x-kom.pl/g-5/c/14-plyty-glowne.html?hide_unavailable=1","https://www.x-kom.pl/g-5/c/14-plyty-glowne.html?page=2&hide_unavailable=1","","https://www.x-kom.pl/p/639801-plyta-glowna-socket-am4-gigabyte-b550-aorus-elite-ax-v2.html","Gigabyte B550 AORUS ELITE AX V2","769,00 zł","AMD Ryzen™","ATX","Socket AM4","AMD B550","https://cdn.x-kom.pl/i/setup/images/prod/big/product-new-big,,2021/3/pr_2021_3_31_13_38_25_200_04.jpg"
"1697885130-30","https://www.x-kom.pl/g-5/c/14-plyty-glowne.html?hide_unavailable=1","https://www.x-kom.pl/g-5/c/14-plyty-glowne.html?page=2&hide_unavailable=1","","https://www.x-kom.pl/p/1079826-plyta-glowna-socket-am5-asrock-b650e-pg-riptide-wifi.html","ASRock B650E PG RIPTIDE WIFI","1 099,00 zł","AMD Ryzen™","ATX","Socket AM5","AMD B650","https://cdn.x-kom.pl/i/setup/images/prod/big/product-new-big,,2022/10/pr_2022_10_10_15_52_24_27_04.jpg"
"1697885136-31","https://www.x-kom.pl/g-5/c/14-plyty-glowne.html?hide_unavailable=1","https://www.x-kom.pl/g-5/c/14-plyty-glowne.html?page=3&hide_unavailable=1","","https://www.x-kom.pl/p/1107466-plyta-glowna-socket-1700-asus-rog-strix-b760-a-gaming-wifi-ddr4.html","ASUS ROG STRIX B760-A GAMING WIFI DDR4","999,00 zł","Intel Core i9,","ATX","Socket 1700","Intel B760","https://cdn.x-kom.pl/i/setup/images/prod/big/product-new-big,,2023/1/pr_2023_1_16_14_57_23_574_05.jpg"
"1697885140-32","https://www.x-kom.pl/g-5/c/14-plyty-glowne.html?hide_unavailable=1","https://www.x-kom.pl/g-5/c/14-plyty-glowne.html?page=3&hide_unavailable=1","","https://www.x-kom.pl/p/609281-plyta-glowna-socket-am4-gigabyte-a520m-s2h.html","Gigabyte A520M S2H","329,00 zł","AMD Ryzen™","mATX","Socket AM4","AMD A520","https://cdn.x-kom.pl/i/setup/images/prod/big/product-new-big,,2020/11/pr_2020_11_26_14_20_26_44_00.jpg"
"1697885145-33","https://www.x-kom.pl/g-5/c/14-plyty-glowne.html?hide_unavailable=1","https://www.x-kom.pl/g-5/c/14-plyty-glowne.html?page=3&hide_unavailable=1","","https://www.x-kom.pl/p/1072684-plyta-glowna-socket-am5-asus-rog-strix-x670e-f-gaming-wifi.html","ASUS ROG STRIX X670E-F GAMING WIFI","1 979,00 zł","AMD Ryzen™","ATX","Socket AM5","AMD X670","https://cdn.x-kom.pl/i/setup/images/prod/big/product-new-big,,2022/9/pr_2022_9_27_7_39_7_160_05.jpg"
"1697885147-34","https://www.x-kom.pl/g-5/c/14-plyty-glowne.html?hide_unavailable=1","https://www.x-kom.pl/g-5/c/14-plyty-glowne.html?page=3&hide_unavailable=1","","https://www.x-kom.pl/p/1079832-plyta-glowna-socket-am5-asus-rog-strix-b650e-e-gaming-wifi.html","ASUS ROG STRIX B650E-E GAMING WIFI","1 599,00 zł","AMD Ryzen™","ATX","Socket AM5","AMD B650","https://cdn.x-kom.pl/i/setup/images/prod/big/product-new-big,,2022/10/pr_2022_10_10_19_44_43_773_04.jpg"
"1697885151-35","https://www.x-kom.pl/g-5/c/14-plyty-glowne.html?hide_unavailable=1","https://www.x-kom.pl/g-5/c/14-plyty-glowne.html?page=3&hide_unavailable=1","","https://www.x-kom.pl/p/1084681-plyta-glowna-socket-1700-asrock-z790-pro-rs.html","ASRock Z790 Pro RS","1 149,00 zł","Intel Core i9,","ATX","Socket 1700","Intel Z790","https://cdn.x-kom.pl/i/setup/images/prod/big/product-new-big,,2022/10/pr_2022_10_25_10_59_2_305_04.jpg"
"1697885154-36","https://www.x-kom.pl/g-5/c/14-plyty-glowne.html?hide_unavailable=1","https://www.x-kom.pl/g-5/c/14-plyty-glowne.html?page=3&hide_unavailable=1","","https://www.x-kom.pl/p/1180124-plyta-glowna-socket-1200-evga-z590-dark.html","EVGA Z590 DARK","749,00 zł","Intel Core i9,","E-ATX","Socket 1200","Intel Z590","https://cdn.x-kom.pl/i/setup/images/prod/big/product-new-big,,2023/9/pr_2023_9_18_12_4_51_722_00.jpg"
"1697885157-37","https://www.x-kom.pl/g-5/c/14-plyty-glowne.html?hide_unavailable=1","https://www.x-kom.pl/g-5/c/14-plyty-glowne.html?page=3&hide_unavailable=1","","https://www.x-kom.pl/p/1070701-plyta-glowna-socket-1700-gigabyte-z790-aero-g.html","Gigabyte Z790 AERO G","1 819,00 zł","Intel Core i9,","ATX","Socket 1700","Intel Z790","https://cdn.x-kom.pl/i/setup/images/prod/big/product-new-big,,2022/9/pr_2022_9_30_9_19_39_174_04.jpg"
"1697885160-38","https://www.x-kom.pl/g-5/c/14-plyty-glowne.html?hide_unavailable=1","https://www.x-kom.pl/g-5/c/14-plyty-glowne.html?page=3&hide_unavailable=1","","https://www.x-kom.pl/p/1075566-plyta-glowna-socket-am5-gigabyte-x670e-aorus-master.html","Gigabyte X670E AORUS MASTER","2 369,00 zł","AMD Ryzen™","E-ATX","Socket AM5","AMD X670","https://cdn.x-kom.pl/i/setup/images/prod/big/product-new-big,,2022/9/pr_2022_9_26_9_48_53_941_04.jpg"
"1697885163-39","https://www.x-kom.pl/g-5/c/14-plyty-glowne.html?hide_unavailable=1","https://www.x-kom.pl/g-5/c/14-plyty-glowne.html?page=3&hide_unavailable=1","","https://www.x-kom.pl/p/711310-plyta-glowna-socket-1700-asrock-b660m-hdv-ddr4.html","ASRock B660M-HDV DDR4","449,00 zł","Intel Core i9,","mATX","Socket 1700","Intel B660","https://cdn.x-kom.pl/i/setup/images/prod/big/product-new-big,,2022/1/pr_2022_1_5_12_14_2_425_04.jpg"
"1697885166-40","https://www.x-kom.pl/g-5/c/14-plyty-glowne.html?hide_unavailable=1","https://www.x-kom.pl/g-5/c/14-plyty-glowne.html?page=3&hide_unavailable=1","","https://www.x-kom.pl/p/1062401-plyta-glowna-socket-am5-asrock-x670e-pro-rs.html","ASRock X670E Pro RS","1 389,00 zł","AMD Ryzen™","ATX","Socket AM5","AMD X670","https://cdn.x-kom.pl/i/setup/images/prod/big/product-new-big,,2022/8/pr_2022_8_24_13_7_16_202_00.jpg"
"1697885169-41","https://www.x-kom.pl/g-5/c/14-plyty-glowne.html?hide_unavailable=1","https://www.x-kom.pl/g-5/c/14-plyty-glowne.html?page=3&hide_unavailable=1","","https://www.x-kom.pl/p/1070709-plyta-glowna-socket-1700-gigabyte-z790-d-ddr4.html","Gigabyte Z790 D DDR4","979,00 zł","Intel Core i9,","ATX","Socket 1700","Intel Z790","https://cdn.x-kom.pl/i/setup/images/prod/big/product-new-big,,2022/9/pr_2022_9_30_9_17_19_212_04.jpg"
"1697885172-42","https://www.x-kom.pl/g-5/c/14-plyty-glowne.html?hide_unavailable=1","https://www.x-kom.pl/g-5/c/14-plyty-glowne.html?page=3&hide_unavailable=1","","https://www.x-kom.pl/p/1075561-plyta-glowna-socket-am5-gigabyte-x670-aorus-elite-ax.html","Gigabyte X670 AORUS ELITE AX","1 569,00 zł","AMD Ryzen™","ATX","Socket AM5","AMD X670","https://cdn.x-kom.pl/i/setup/images/prod/big/product-new-big,,2022/9/pr_2022_9_26_9_14_33_709_04.jpg"
"1697885175-43","https://www.x-kom.pl/g-5/c/14-plyty-glowne.html?hide_unavailable=1","https://www.x-kom.pl/g-5/c/14-plyty-glowne.html?page=3&hide_unavailable=1","","https://www.x-kom.pl/p/1079825-plyta-glowna-socket-am5-asrock-b650-pro-rs.html","ASRock B650 PRO RS","1 079,00 zł","AMD Ryzen™","ATX","Socket AM5","AMD B650","https://cdn.x-kom.pl/i/setup/images/prod/big/product-new-big,,2022/10/pr_2022_10_8_14_35_23_665_05.jpg"
"1697885178-44","https://www.x-kom.pl/g-5/c/14-plyty-glowne.html?hide_unavailable=1","https://www.x-kom.pl/g-5/c/14-plyty-glowne.html?page=3&hide_unavailable=1","","https://www.x-kom.pl/p/693249-plyta-glowna-socket-1700-asrock-z690-phantom-gaming-4-ddr4.html","ASRock Z690 Phantom Gaming 4 DDR4","859,00 zł","Intel Core i9,","ATX","Socket 1700","Intel Z690","https://cdn.x-kom.pl/i/setup/images/prod/big/product-new-big,,2021/10/pr_2021_10_28_12_15_11_945_04.jpg"
"1697885181-45","https://www.x-kom.pl/g-5/c/14-plyty-glowne.html?hide_unavailable=1","https://www.x-kom.pl/g-5/c/14-plyty-glowne.html?page=3&hide_unavailable=1","","https://www.x-kom.pl/p/1075889-plyta-glowna-socket-1700-asus-rog-strix-z790-f-gaming-wifi.html","ASUS ROG STRIX Z790-F GAMING WIFI","2 249,00 zł","Intel Core i9,","ATX","Socket 1700","Intel Z790","https://cdn.x-kom.pl/i/setup/images/prod/big/product-new-big,,2022/10/pr_2022_10_18_14_51_35_702_04.jpg"
"1697885183-46","https://www.x-kom.pl/g-5/c/14-plyty-glowne.html?hide_unavailable=1","https://www.x-kom.pl/g-5/c/14-plyty-glowne.html?page=3&hide_unavailable=1","","https://www.x-kom.pl/p/1075911-plyta-glowna-socket-1700-asus-prime-z790-p-wifi-ddr4.html","ASUS PRIME Z790-P WIFI DDR4","1 099,00 zł","Intel Core i9,","ATX","Socket 1700","Intel Z790","https://cdn.x-kom.pl/i/setup/images/prod/big/product-new-big,,2022/10/pr_2022_10_18_11_42_34_922_02.jpg"
"1697885186-47","https://www.x-kom.pl/g-5/c/14-plyty-glowne.html?hide_unavailable=1","https://www.x-kom.pl/g-5/c/14-plyty-glowne.html?page=3&hide_unavailable=1","","https://www.x-kom.pl/p/1117261-plyta-glowna-socket-1700-asus-rog-strix-z790-h-gaming-wifi.html","ASUS ROG STRIX Z790-H GAMING WIFI","1 699,00 zł","Intel Core i9,","ATX","Socket 1700","Intel Z790","https://cdn.x-kom.pl/i/setup/images/prod/big/product-new-big,,2023/2/pr_2023_2_14_12_4_38_559_00.jpg"
"1697885192-49","https://www.x-kom.pl/g-5/c/14-plyty-glowne.html?hide_unavailable=1","https://www.x-kom.pl/g-5/c/14-plyty-glowne.html?page=3&hide_unavailable=1","","https://www.x-kom.pl/p/569384-plyta-glowna-socket-am4-asrock-b550-pro4.html","ASRock B550 Pro4","539,00 zł","AMD Ryzen™","ATX","Socket AM4","AMD B550","https://cdn.x-kom.pl/i/setup/images/prod/big/product-new-big,,2020/5/pr_2020_5_27_13_42_19_990_00.jpg"
"1697885194-50","https://www.x-kom.pl/g-5/c/14-plyty-glowne.html?hide_unavailable=1","https://www.x-kom.pl/g-5/c/14-plyty-glowne.html?page=3&hide_unavailable=1","","https://www.x-kom.pl/p/1079842-plyta-glowna-socket-am5-asus-tuf-gaming-b650m-plus.html","ASUS TUF GAMING B650M-PLUS","959,00 zł","AMD Ryzen™","mATX","Socket AM5","AMD B650","https://cdn.x-kom.pl/i/setup/images/prod/big/product-new-big,,2022/10/pr_2022_10_10_18_6_25_350_04.jpg"
"1697885197-51","https://www.x-kom.pl/g-5/c/14-plyty-glowne.html?hide_unavailable=1","https://www.x-kom.pl/g-5/c/14-plyty-glowne.html?page=3&hide_unavailable=1","","https://www.x-kom.pl/p/667691-plyta-glowna-socket-am4-asrock-b550m-phantom-gaming-4.html","ASRock B550M PHANTOM GAMING 4","439,00 zł","AMD Ryzen™","mATX","Socket AM4","AMD B550","https://cdn.x-kom.pl/i/setup/images/prod/big/product-new-big,,2021/7/pr_2021_7_9_10_33_32_470_04.jpg"
"1697885201-52","https://www.x-kom.pl/g-5/c/14-plyty-glowne.html?hide_unavailable=1","https://www.x-kom.pl/g-5/c/14-plyty-glowne.html?page=3&hide_unavailable=1","","https://www.x-kom.pl/p/709346-plyta-glowna-socket-1700-asus-tuf-gaming-b660m-plus-ddr4.html","ASUS TUF GAMING B660M-PLUS DDR4","699,00 zł","Intel Core i9,","mATX","Socket 1700","Intel B660","https://cdn.x-kom.pl/i/setup/images/prod/big/product-new-big,,2022/1/pr_2022_1_4_18_29_59_889_01.jpg"
"1697885205-53","https://www.x-kom.pl/g-5/c/14-plyty-glowne.html?hide_unavailable=1","https://www.x-kom.pl/g-5/c/14-plyty-glowne.html?page=3&hide_unavailable=1","","https://www.x-kom.pl/p/1157849-plyta-glowna-socket-1200-asrock-b560m-hdv-r30.html","ASRock B560M-HDV R3.0","289,00 zł","Intel Core i9,","mATX","Socket 1200","Intel B560","https://cdn.x-kom.pl/i/setup/images/prod/big/product-new-big,,2023/7/pr_2023_7_12_10_11_3_395_00.jpg"
"1697885208-54","https://www.x-kom.pl/g-5/c/14-plyty-glowne.html?hide_unavailable=1","https://www.x-kom.pl/g-5/c/14-plyty-glowne.html?page=3&hide_unavailable=1","","https://www.x-kom.pl/p/478734-plyta-glowna-socket-am4-asrock-b450-steel-legend.html","ASRock B450 Steel Legend","469,00 zł","AMD Ryzen™","ATX","Socket AM4","AMD B450","https://cdn.x-kom.pl/i/setup/images/prod/big/product-new-big,,2019/2/pr_2019_2_11_9_52_16_379_04.jpg"
"1697885212-55","https://www.x-kom.pl/g-5/c/14-plyty-glowne.html?hide_unavailable=1","https://www.x-kom.pl/g-5/c/14-plyty-glowne.html?page=3&hide_unavailable=1","","https://www.x-kom.pl/p/1072762-plyta-glowna-socket-1700-msi-mag-z790-tomahawk-wifi-ddr4.html","MSI MAG Z790 TOMAHAWK WIFI DDR4","1 359,00 zł","Intel Core i9,","ATX","Socket 1700","Intel Z790","https://cdn.x-kom.pl/i/setup/images/prod/big/product-new-big,,2022/9/pr_2022_9_28_11_42_47_706_04.jpg"
"1697885215-56","https://www.x-kom.pl/g-5/c/14-plyty-glowne.html?hide_unavailable=1","https://www.x-kom.pl/g-5/c/14-plyty-glowne.html?page=3&hide_unavailable=1","","https://www.x-kom.pl/p/640393-plyta-glowna-socket-1200-asus-prime-h510m-e.html","ASUS PRIME H510M-E","399,00 zł","Intel Core i9,","mATX","Socket 1200","Intel H510","https://cdn.x-kom.pl/i/setup/images/prod/big/product-new-big,,2021/4/pr_2021_4_2_13_47_47_607_00.jpg"
"1697885218-57","https://www.x-kom.pl/g-5/c/14-plyty-glowne.html?hide_unavailable=1","https://www.x-kom.pl/g-5/c/14-plyty-glowne.html?page=3&hide_unavailable=1","","https://www.x-kom.pl/p/1079829-plyta-glowna-socket-am5-asrock-b650e-steel-legend-wifi.html","ASRock B650E STEEL LEGEND WIFI","1 189,00 zł","AMD Ryzen™","ATX","Socket AM5","AMD B650","https://cdn.x-kom.pl/i/setup/images/prod/big/product-new-big,,2022/10/pr_2022_10_9_12_4_25_271_06.jpg"
"1697885221-58","https://www.x-kom.pl/g-5/c/14-plyty-glowne.html?hide_unavailable=1","https://www.x-kom.pl/g-5/c/14-plyty-glowne.html?page=3&hide_unavailable=1","","https://www.x-kom.pl/p/1107455-plyta-glowna-socket-1700-asrock-b760m-pg-riptide.html","ASRock B760M PG Riptide","689,00 zł","Intel Core i9,","mATX","Socket 1700","Intel B760","https://cdn.x-kom.pl/i/setup/images/prod/big/product-new-big,,2023/1/pr_2023_1_16_12_23_22_546_04.jpg"
"1697885225-59","https://www.x-kom.pl/g-5/c/14-plyty-glowne.html?hide_unavailable=1","https://www.x-kom.pl/g-5/c/14-plyty-glowne.html?page=3&hide_unavailable=1","","https://www.x-kom.pl/p/1107462-plyta-glowna-socket-1700-asrock-b760m-steel-legend-wi-fi.html","ASRock B760M Steel Legend Wi-Fi","799,00 zł","Intel Core i9,","mATX","Socket 1700","Intel B760","https://cdn.x-kom.pl/i/setup/images/prod/big/product-new-big,,2023/1/pr_2023_1_16_12_59_38_578_04.jpg"
"1697885229-60","https://www.x-kom.pl/g-5/c/14-plyty-glowne.html?hide_unavailable=1","https://www.x-kom.pl/g-5/c/14-plyty-glowne.html?page=3&hide_unavailable=1","","https://www.x-kom.pl/p/613680-plyta-glowna-socket-am4-asrock-a520m-hdv.html","ASRock A520M-HDV","299,00 zł","AMD Ryzen™","mATX","Socket AM4","AMD A520","https://cdn.x-kom.pl/i/setup/images/prod/big/product-new-big,,2020/12/pr_2020_12_11_13_26_37_742_04.jpg"
"1697885234-61","https://www.x-kom.pl/g-5/c/14-plyty-glowne.html?hide_unavailable=1","https://www.x-kom.pl/g-5/c/14-plyty-glowne.html?page=4&hide_unavailable=1","","https://www.x-kom.pl/p/1104362-plyta-glowna-socket-1700-asus-prime-b760m-k-ddr4.html","ASUS PRIME B760M-K DDR4","589,00 zł","Intel Core i9,","mATX","Socket 1700","Intel B760","https://cdn.x-kom.pl/i/setup/images/prod/big/product-new-big,,2023/1/pr_2023_1_11_12_16_29_80_02.jpg"
"1697885237-62","https://www.x-kom.pl/g-5/c/14-plyty-glowne.html?hide_unavailable=1","https://www.x-kom.pl/g-5/c/14-plyty-glowne.html?page=4&hide_unavailable=1","","https://www.x-kom.pl/p/1107207-plyta-glowna-socket-am4-msi-b550-gaming-gen3.html","MSI B550 GAMING GEN3","449,00 zł","AMD Ryzen™","ATX","Socket AM4","AMD B550","https://cdn.x-kom.pl/i/setup/images/prod/big/product-new-big,,2023/1/pr_2023_1_12_9_59_18_823_04.jpg"
"1697885240-63","https://www.x-kom.pl/g-5/c/14-plyty-glowne.html?hide_unavailable=1","https://www.x-kom.pl/g-5/c/14-plyty-glowne.html?page=4&hide_unavailable=1","","https://www.x-kom.pl/p/1107453-plyta-glowna-socket-1700-asrock-b760-pro-rs-ddr4.html","ASRock B760 Pro RS DDR4","729,00 zł","Intel Core i9,","ATX","Socket 1700","Intel B760","https://cdn.x-kom.pl/i/setup/images/prod/big/product-new-big,,2023/1/pr_2023_1_16_9_25_17_164_04.jpg"
"1697885243-64","https://www.x-kom.pl/g-5/c/14-plyty-glowne.html?hide_unavailable=1","https://www.x-kom.pl/g-5/c/14-plyty-glowne.html?page=4&hide_unavailable=1","","https://www.x-kom.pl/p/1107463-plyta-glowna-socket-1700-asrock-b760m-hdv-m2-ddr4.html","ASRock B760M-HDV/M.2 DDR4","459,00 zł","Intel Core i9,","mATX","Socket 1700","Intel B760","https://cdn.x-kom.pl/i/setup/images/prod/big/product-new-big,,2023/1/pr_2023_1_16_13_22_26_911_04.jpg"
"1697885247-65","https://www.x-kom.pl/g-5/c/14-plyty-glowne.html?hide_unavailable=1","https://www.x-kom.pl/g-5/c/14-plyty-glowne.html?page=4&hide_unavailable=1","","https://www.x-kom.pl/p/1107848-plyta-glowna-socket-1700-gigabyte-b760-ds3h-ddr4.html","Gigabyte B760 DS3H DDR4","759,00 zł","Intel Core i9,","ATX","Socket 1700","Intel B760","https://cdn.x-kom.pl/i/setup/images/prod/big/product-new-big,,2023/1/pr_2023_1_16_8_13_11_630_04.jpg"
"1697885250-66","https://www.x-kom.pl/g-5/c/14-plyty-glowne.html?hide_unavailable=1","https://www.x-kom.pl/g-5/c/14-plyty-glowne.html?page=4&hide_unavailable=1","","https://www.x-kom.pl/p/1109178-plyta-glowna-socket-1700-gigabyte-b760-a-master-ddr4.html","Gigabyte B760 A MASTER DDR4","1 199,00 zł","Intel Core i9,","ATX","Socket 1700","Intel B760","https://cdn.x-kom.pl/i/setup/images/prod/big/product-new-big,,2023/1/pr_2023_1_18_9_6_53_344_00.jpg"
"1697885253-67","https://www.x-kom.pl/g-5/c/14-plyty-glowne.html?hide_unavailable=1","https://www.x-kom.pl/g-5/c/14-plyty-glowne.html?page=4&hide_unavailable=1","","https://www.x-kom.pl/p/505622-plyta-glowna-socket-am4-asrock-x570-pro4.html","ASRock X570 Pro4","869,00 zł","AMD Ryzen™","ATX","Socket AM4","AMD X570","https://cdn.x-kom.pl/i/setup/images/prod/big/product-new-big,,2019/7/pr_2019_7_9_10_36_59_331_00.jpg"
"1697885257-68","https://www.x-kom.pl/g-5/c/14-plyty-glowne.html?hide_unavailable=1","https://www.x-kom.pl/g-5/c/14-plyty-glowne.html?page=4&hide_unavailable=1","","https://www.x-kom.pl/p/569381-plyta-glowna-socket-am4-asrock-b550-phantom-gaming-4.html","ASRock B550 Phantom Gaming 4","529,00 zł","AMD Ryzen™","ATX","Socket AM4","AMD B550","https://cdn.x-kom.pl/i/setup/images/prod/big/product-new-big,,2020/5/pr_2020_5_27_13_1_56_649_00.jpg"
"1697885260-69","https://www.x-kom.pl/g-5/c/14-plyty-glowne.html?hide_unavailable=1","https://www.x-kom.pl/g-5/c/14-plyty-glowne.html?page=4&hide_unavailable=1","","https://www.x-kom.pl/p/691385-plyta-glowna-socket-1700-asus-prime-z690-a-ddr5.html","ASUS PRIME Z690-A DDR5","1 299,00 zł","Intel Core i9,","ATX","Socket 1700","Intel Z690","https://cdn.x-kom.pl/i/setup/images/prod/big/product-new-big,,2021/10/pr_2021_10_28_10_52_19_450_03.jpg"
"1697885264-70","https://www.x-kom.pl/g-5/c/14-plyty-glowne.html?hide_unavailable=1","https://www.x-kom.pl/g-5/c/14-plyty-glowne.html?page=4&hide_unavailable=1","","https://www.x-kom.pl/p/709341-plyta-glowna-socket-1700-asus-rog-strix-b660-a-gaming-wifi-ddr4.html","ASUS ROG STRIX B660-A GAMING WIFI DDR4","1 169,00 zł","Intel Core i9,","ATX","Socket 1700","Intel B660","https://cdn.x-kom.pl/i/setup/images/prod/big/product-new-big,,2022/1/pr_2022_1_4_17_12_13_473_02.jpg"
"1697885268-71","https://www.x-kom.pl/g-5/c/14-plyty-glowne.html?hide_unavailable=1","https://www.x-kom.pl/g-5/c/14-plyty-glowne.html?page=4&hide_unavailable=1","","https://www.x-kom.pl/p/1070732-plyta-glowna-socket-am5-gigabyte-b650m-ds3h.html","Gigabyte B650M DS3H","869,00 zł","AMD Ryzen™","mATX","Socket AM5","AMD B650","https://cdn.x-kom.pl/i/setup/images/prod/big/product-new-big,,2022/10/pr_2022_10_18_11_55_36_389_04.jpg"
"1697885271-72","https://www.x-kom.pl/g-5/c/14-plyty-glowne.html?hide_unavailable=1","https://www.x-kom.pl/g-5/c/14-plyty-glowne.html?page=4&hide_unavailable=1","","https://www.x-kom.pl/p/1072728-plyta-glowna-socket-am5-msi-mpg-b650-edge-wifi.html","MSI MPG B650 EDGE WIFI","1 349,00 zł","AMD Ryzen™","ATX","Socket AM5","AMD B650","https://cdn.x-kom.pl/i/setup/images/prod/big/product-new-big,,2022/9/pr_2022_9_19_12_39_19_801_04.jpg"
"1697885275-73","https://www.x-kom.pl/g-5/c/14-plyty-glowne.html?hide_unavailable=1","https://www.x-kom.pl/g-5/c/14-plyty-glowne.html?page=4&hide_unavailable=1","","https://www.x-kom.pl/p/1084677-plyta-glowna-socket-1700-asrock-z790-pg-lightning-ddr4.html","ASRock Z790 PG Lightning DDR4","969,00 zł","Intel Core i9,","ATX","Socket 1700","Intel Z790","https://cdn.x-kom.pl/i/setup/images/prod/big/product-new-big,,2022/10/pr_2022_10_25_8_59_0_59_04.jpg"
"1697885279-74","https://www.x-kom.pl/g-5/c/14-plyty-glowne.html?hide_unavailable=1","https://www.x-kom.pl/g-5/c/14-plyty-glowne.html?page=4&hide_unavailable=1","","https://www.x-kom.pl/p/1084678-plyta-glowna-socket-1700-asrock-z790-pg-riptide.html","ASRock Z790 PG Riptide","1 159,00 zł","Intel Core i9,","ATX","Socket 1700","Intel Z790","https://cdn.x-kom.pl/i/setup/images/prod/big/product-new-big,,2022/10/pr_2022_10_25_13_47_6_410_04.jpg"
"1697885282-75","https://www.x-kom.pl/g-5/c/14-plyty-glowne.html?hide_unavailable=1","https://www.x-kom.pl/g-5/c/14-plyty-glowne.html?page=4&hide_unavailable=1","","https://www.x-kom.pl/p/1107456-plyta-glowna-socket-1700-asrock-b760m-pg-sonic-wi-fi.html","ASRock B760M PG SONIC Wi-Fi","799,00 zł","Intel Core i9,","mATX","Socket 1700","Intel B760","https://cdn.x-kom.pl/i/setup/images/prod/big/product-new-big,,2023/1/pr_2023_1_16_12_37_23_587_05.jpg"
"1697885286-76","https://www.x-kom.pl/g-5/c/14-plyty-glowne.html?hide_unavailable=1","https://www.x-kom.pl/g-5/c/14-plyty-glowne.html?page=4&hide_unavailable=1","","https://www.x-kom.pl/p/505621-plyta-glowna-socket-am4-asrock-x570-phantom-gaming-4.html","ASRock X570 Phantom Gaming 4","789,00 zł","AMD Ryzen™","ATX","Socket AM4","AMD X570","https://cdn.x-kom.pl/i/setup/images/prod/big/product-new-big,,2019/7/pr_2019_7_9_10_25_19_835_00.jpg"
"1697885290-77","https://www.x-kom.pl/g-5/c/14-plyty-glowne.html?hide_unavailable=1","https://www.x-kom.pl/g-5/c/14-plyty-glowne.html?page=4&hide_unavailable=1","","https://www.x-kom.pl/p/569389-plyta-glowna-socket-am4-asrock-b550m-hdv.html","ASRock B550M-HDV","359,00 zł","AMD Ryzen™","mATX","Socket AM4","AMD B550","https://cdn.x-kom.pl/i/setup/images/prod/big/product-new-big,,2020/5/pr_2020_5_27_14_47_24_533_00.jpg"
"1697885293-78","https://www.x-kom.pl/g-5/c/14-plyty-glowne.html?hide_unavailable=1","https://www.x-kom.pl/g-5/c/14-plyty-glowne.html?page=4&hide_unavailable=1","","https://www.x-kom.pl/p/690400-plyta-glowna-socket-am4-asrock-b450m-pro4-r20.html","ASRock B450M Pro4 R2.0","349,00 zł","AMD Ryzen™","mATX","Socket AM4","AMD B450","https://cdn.x-kom.pl/i/setup/images/prod/big/product-new-big,,2021/10/pr_2021_10_27_22_31_23_430_04.jpg"
"1697885295-79","https://www.x-kom.pl/g-5/c/14-plyty-glowne.html?hide_unavailable=1","https://www.x-kom.pl/g-5/c/14-plyty-glowne.html?page=4&hide_unavailable=1","","https://www.x-kom.pl/p/1072726-plyta-glowna-socket-am5-msi-mpg-b650-carbon-wifi.html","MSI MPG B650 CARBON WIFI","1 349,00 zł","AMD Ryzen™","ATX","Socket AM5","AMD B650","https://cdn.x-kom.pl/i/setup/images/prod/big/product-new-big,,2022/9/pr_2022_9_19_12_45_22_150_05.jpg"
"1697885299-80","https://www.x-kom.pl/g-5/c/14-plyty-glowne.html?hide_unavailable=1","https://www.x-kom.pl/g-5/c/14-plyty-glowne.html?page=4&hide_unavailable=1","","https://www.x-kom.pl/p/614650-plyta-glowna-socket-am4-asus-tuf-gaming-x570-pro-wi-fi.html","ASUS TUF GAMING X570-PRO (WI-FI)","1 229,00 zł","AMD Ryzen™","ATX","Socket AM4","AMD X570","https://cdn.x-kom.pl/i/setup/images/prod/big/product-new-big,,2020/12/pr_2020_12_23_14_31_4_988_01.jpg"
"1697885302-81","https://www.x-kom.pl/g-5/c/14-plyty-glowne.html?hide_unavailable=1","https://www.x-kom.pl/g-5/c/14-plyty-glowne.html?page=4&hide_unavailable=1","","https://www.x-kom.pl/p/1070717-plyta-glowna-socket-1700-gigabyte-z790-ud.html","Gigabyte Z790 UD","1 069,00 zł","Intel Core i9,","ATX","Socket 1700","Intel Z790","https://cdn.x-kom.pl/i/setup/images/prod/big/product-new-big,,2022/9/pr_2022_9_30_9_8_41_31_04.jpg"
"1697885305-82","https://www.x-kom.pl/g-5/c/14-plyty-glowne.html?hide_unavailable=1","https://www.x-kom.pl/g-5/c/14-plyty-glowne.html?page=4&hide_unavailable=1","","https://www.x-kom.pl/p/1070729-plyta-glowna-socket-am5-gigabyte-b650-aorus-elite-ax.html","Gigabyte B650 AORUS ELITE AX","1 399,00 zł","AMD Ryzen™","ATX","Socket AM5","AMD B650","https://cdn.x-kom.pl/i/setup/images/prod/big/product-new-big,,2022/10/pr_2022_10_10_9_40_33_64_04.jpg"
"1697885308-83","https://www.x-kom.pl/g-5/c/14-plyty-glowne.html?hide_unavailable=1","https://www.x-kom.pl/g-5/c/14-plyty-glowne.html?page=4&hide_unavailable=1","","https://www.x-kom.pl/p/1071819-plyta-glowna-socket-1200-gigabyte-h410m-h-v2.html","Gigabyte H410M H V2","299,00 zł","Intel Core i9,","mATX","Socket 1200","Intel H470","https://cdn.x-kom.pl/i/setup/images/prod/big/product-new-big,,2022/9/pr_2022_9_14_12_52_54_216_04.jpg"
"1697885312-84","https://www.x-kom.pl/g-5/c/14-plyty-glowne.html?hide_unavailable=1","https://www.x-kom.pl/g-5/c/14-plyty-glowne.html?page=4&hide_unavailable=1","","https://www.x-kom.pl/p/1072682-plyta-glowna-socket-am5-asus-rog-strix-x670e-e-gaming-wifi.html","ASUS ROG STRIX X670E-E GAMING WIFI","2 349,00 zł","AMD Ryzen™","ATX","Socket AM5","AMD X670","https://cdn.x-kom.pl/i/setup/images/prod/big/product-new-big,,2022/9/pr_2022_9_27_7_25_38_515_05.jpg"
"1697885315-85","https://www.x-kom.pl/g-5/c/14-plyty-glowne.html?hide_unavailable=1","https://www.x-kom.pl/g-5/c/14-plyty-glowne.html?page=4&hide_unavailable=1","","https://www.x-kom.pl/p/1075890-plyta-glowna-socket-1700-asus-rog-strix-z790-a-gaming-wifi-ddr4.html","ASUS ROG STRIX Z790-A GAMING WIFI DDR4","1 469,00 zł","Intel Core i9,","ATX","Socket 1700","Intel Z790","https://cdn.x-kom.pl/i/setup/images/prod/big/product-new-big,,2022/10/pr_2022_10_20_12_53_55_820_05.jpg"
"1697885319-86","https://www.x-kom.pl/g-5/c/14-plyty-glowne.html?hide_unavailable=1","https://www.x-kom.pl/g-5/c/14-plyty-glowne.html?page=4&hide_unavailable=1","","https://www.x-kom.pl/p/1079824-plyta-glowna-socket-am5-asrock-b650-pg-lightning.html","ASRock B650 PG LIGHTNING","1 029,00 zł","AMD Ryzen™","ATX","Socket AM5","AMD B650","https://cdn.x-kom.pl/i/setup/images/prod/big/product-new-big,,2022/10/pr_2022_10_10_15_26_20_726_04.jpg"
"1697885323-87","https://www.x-kom.pl/g-5/c/14-plyty-glowne.html?hide_unavailable=1","https://www.x-kom.pl/g-5/c/14-plyty-glowne.html?page=4&hide_unavailable=1","","https://www.x-kom.pl/p/1079841-plyta-glowna-socket-am5-asus-tuf-gaming-b650m-plus-wifi.html","ASUS TUF GAMING B650M-PLUS WIFI","1 199,00 zł","AMD Ryzen™","mATX","Socket AM5","AMD B650","https://cdn.x-kom.pl/i/setup/images/prod/big/product-new-big,,2022/10/pr_2022_10_10_18_36_26_347_05.jpg"
"1697885325-88","https://www.x-kom.pl/g-5/c/14-plyty-glowne.html?hide_unavailable=1","https://www.x-kom.pl/g-5/c/14-plyty-glowne.html?page=4&hide_unavailable=1","","https://www.x-kom.pl/p/1084757-plyta-glowna-socket-1700-asrock-z790-steel-legend-wifi.html","ASRock Z790 Steel Legend WIFI","1 479,00 zł","Intel Core i9,","ATX","Socket 1700","Intel Z790","https://cdn.x-kom.pl/i/setup/images/prod/big/product-new-big,,2022/10/pr_2022_10_25_14_15_27_425_04.jpg"
"1697885329-89","https://www.x-kom.pl/g-5/c/14-plyty-glowne.html?hide_unavailable=1","https://www.x-kom.pl/g-5/c/14-plyty-glowne.html?page=4&hide_unavailable=1","","https://www.x-kom.pl/p/1104376-plyta-glowna-socket-1700-gigabyte-b760m-aorus-elite-ax.html","Gigabyte B760M AORUS ELITE AX","929,00 zł","Intel Core i9,","mATX","Socket 1700","Intel B760","https://cdn.x-kom.pl/i/setup/images/prod/big/product-new-big,,2023/1/pr_2023_1_10_10_33_44_387_00.jpg"
"1697885332-90","https://www.x-kom.pl/g-5/c/14-plyty-glowne.html?hide_unavailable=1","https://www.x-kom.pl/g-5/c/14-plyty-glowne.html?page=4&hide_unavailable=1","","https://www.x-kom.pl/p/1107461-plyta-glowna-socket-1700-asrock-b760m-pro-rs-wi-fi-ddr4.html","ASRock B760M Pro RS Wi-Fi DDR4","659,00 zł","Intel Core i9,","mATX","Socket 1700","Intel B760","https://cdn.x-kom.pl/i/setup/images/prod/big/product-new-big,,2023/1/pr_2023_1_16_10_28_58_317_04.jpg"
"1697885338-91","https://www.x-kom.pl/g-5/c/14-plyty-glowne.html?hide_unavailable=1","https://www.x-kom.pl/g-5/c/14-plyty-glowne.html?page=5&hide_unavailable=1","","https://www.x-kom.pl/p/1122974-plyta-glowna-socket-1700-biostar-z790a-silver.html","Biostar Z790A SILVER","1 159,00 zł","Intel Core i9,","ATX","Socket 1700","Intel Z790","https://cdn.x-kom.pl/i/setup/images/prod/big/product-new-big,,2023/3/pr_2023_3_6_8_5_55_209_03.jpg"
"1697885341-92","https://www.x-kom.pl/g-5/c/14-plyty-glowne.html?hide_unavailable=1","https://www.x-kom.pl/g-5/c/14-plyty-glowne.html?page=5&hide_unavailable=1","","https://www.x-kom.pl/p/1131114-plyta-glowna-socket-1700-asus-prime-h610m-a-wifi-ddr4.html","ASUS PRIME H610M-A WIFI DDR4","639,00 zł","Intel Core i9,","mATX","Socket 1700","Intel H610","https://cdn.x-kom.pl/i/setup/images/prod/big/product-new-big,,2023/3/pr_2023_3_27_9_7_56_83_02.jpg"
"1697885344-93","https://www.x-kom.pl/g-5/c/14-plyty-glowne.html?hide_unavailable=1","https://www.x-kom.pl/g-5/c/14-plyty-glowne.html?page=5&hide_unavailable=1","","https://www.x-kom.pl/p/1157520-plyta-glowna-socket-1700-asus-tuf-gaming-b760m-btf-wifi-ddr4.html","ASUS TUF GAMING B760M-BTF WIFI DDR4","1 059,00 zł","Intel Core i9,","mATX","Socket 1700","Intel B760","https://cdn.x-kom.pl/i/setup/images/prod/big/product-new-big,,2023/7/pr_2023_7_12_8_39_35_62_00.jpg"
"1697885347-94","https://www.x-kom.pl/g-5/c/14-plyty-glowne.html?hide_unavailable=1","https://www.x-kom.pl/g-5/c/14-plyty-glowne.html?page=5&hide_unavailable=1","","https://www.x-kom.pl/p/1188030-plyta-glowna-socket-1700-asrock-b760m-h-m2.html","ASRock B760M-H/M.2","452,00 zł","Intel Core i9,","mATX","Socket 1700","Intel B760","https://cdn.x-kom.pl/i/setup/images/prod/big/product-new-big,,2023/10/pr_2023_10_17_9_5_35_303_00.jpg"
"1697885349-95","https://www.x-kom.pl/g-5/c/14-plyty-glowne.html?hide_unavailable=1","https://www.x-kom.pl/g-5/c/14-plyty-glowne.html?page=5&hide_unavailable=1","","https://www.x-kom.pl/p/1188033-plyta-glowna-socket-1700-asrock-h510m-hdv-m2-se.html","ASRock H510M-HDV / M.2 SE","309,00 zł","Intel Core i9,","mATX","Socket 1200","Intel H510","https://cdn.x-kom.pl/i/setup/images/prod/big/product-new-big,,2023/10/pr_2023_10_17_9_25_31_285_00.jpg"
"1697885352-96","https://www.x-kom.pl/g-5/c/14-plyty-glowne.html?hide_unavailable=1","https://www.x-kom.pl/g-5/c/14-plyty-glowne.html?page=5&hide_unavailable=1","","https://www.x-kom.pl/p/569340-plyta-glowna-socket-am4-asus-tuf-gaming-b550m-plus.html","ASUS TUF GAMING B550M-PLUS","719,00 zł","AMD Ryzen™","mATX","Socket AM4","AMD B550","https://cdn.x-kom.pl/i/setup/images/prod/big/product-new-big,,2020/6/pr_2020_6_10_8_41_1_562_02.jpg"
"1697885356-97","https://www.x-kom.pl/g-5/c/14-plyty-glowne.html?hide_unavailable=1","https://www.x-kom.pl/g-5/c/14-plyty-glowne.html?page=5&hide_unavailable=1","","https://www.x-kom.pl/p/569344-plyta-glowna-socket-am4-asus-prime-b550m-k.html","ASUS PRIME B550M-K","499,00 zł","AMD Ryzen™","mATX","Socket AM4","AMD B550","https://cdn.x-kom.pl/i/setup/images/prod/big/product-new-big,,2020/6/pr_2020_6_10_8_15_32_837_02.jpg"
"1697885358-98","https://www.x-kom.pl/g-5/c/14-plyty-glowne.html?hide_unavailable=1","https://www.x-kom.pl/g-5/c/14-plyty-glowne.html?page=5&hide_unavailable=1","","https://www.x-kom.pl/p/569385-plyta-glowna-socket-am4-asrock-b550-steel-legend.html","ASRock B550 Steel Legend","859,00 zł","AMD Ryzen™","ATX","Socket AM4","AMD B550","https://cdn.x-kom.pl/i/setup/images/prod/big/product-new-big,,2020/5/pr_2020_5_27_13_54_1_930_01.jpg"
"1697885362-99","https://www.x-kom.pl/g-5/c/14-plyty-glowne.html?hide_unavailable=1","https://www.x-kom.pl/g-5/c/14-plyty-glowne.html?page=5&hide_unavailable=1","","https://www.x-kom.pl/p/586926-plyta-glowna-socket-am4-asus-prime-a520m-e.html","ASUS PRIME A520M-E","359,00 zł","AMD Ryzen™","mATX","Socket AM4","AMD A520","https://cdn.x-kom.pl/i/setup/images/prod/big/product-new-big,,2020/8/pr_2020_8_27_14_3_0_809_01.jpg"
"1697885366-100","https://www.x-kom.pl/g-5/c/14-plyty-glowne.html?hide_unavailable=1","https://www.x-kom.pl/g-5/c/14-plyty-glowne.html?page=5&hide_unavailable=1","","https://www.x-kom.pl/p/614649-plyta-glowna-socket-am4-asus-tuf-gaming-b450m-pro-ii.html","ASUS TUF GAMING B450M-PRO II","469,00 zł","AMD Ryzen™","mATX","Socket AM4","AMD B450","https://cdn.x-kom.pl/i/setup/images/prod/big/product-new-big,,2020/12/pr_2020_12_23_15_19_10_754_03.jpg"
"1697885370-101","https://www.x-kom.pl/g-5/c/14-plyty-glowne.html?hide_unavailable=1","https://www.x-kom.pl/g-5/c/14-plyty-glowne.html?page=5&hide_unavailable=1","","https://www.x-kom.pl/p/691359-plyta-glowna-socket-1700-gigabyte-z690-aorus-master-ddr5.html","Gigabyte Z690 AORUS MASTER DDR5","2 099,00 zł","Intel Core i9,","E-ATX","Socket 1700","Intel Z690","https://cdn.x-kom.pl/i/setup/images/prod/big/product-new-big,,2021/10/pr_2021_10_27_17_5_15_811_00.jpg"
"1697885373-102","https://www.x-kom.pl/g-5/c/14-plyty-glowne.html?hide_unavailable=1","https://www.x-kom.pl/g-5/c/14-plyty-glowne.html?page=5&hide_unavailable=1","","https://www.x-kom.pl/p/711301-plyta-glowna-socket-1700-asrock-b660m-steel-legend-ddr4.html","ASRock B660M Steel Legend DDR4","729,00 zł","Intel Core i9,","mATX","Socket 1700","Intel B660","https://cdn.x-kom.pl/i/setup/images/prod/big/product-new-big,,2022/1/pr_2022_1_5_11_59_43_495_04.jpg"
"1697885376-103","https://www.x-kom.pl/g-5/c/14-plyty-glowne.html?hide_unavailable=1","https://www.x-kom.pl/g-5/c/14-plyty-glowne.html?page=5&hide_unavailable=1","","https://www.x-kom.pl/p/744263-plyta-glowna-socket-1700-gigabyte-h610i-ddr4.html","Gigabyte H610I DDR4","569,00 zł","Intel Core i9,","mITX","Socket 1700","Intel H610","https://cdn.x-kom.pl/i/setup/images/prod/big/product-new-big,,2022/4/pr_2022_4_29_9_48_13_89_04.jpg"
"1697885380-104","https://www.x-kom.pl/g-5/c/14-plyty-glowne.html?hide_unavailable=1","https://www.x-kom.pl/g-5/c/14-plyty-glowne.html?page=5&hide_unavailable=1","","https://www.x-kom.pl/p/1044295-plyta-glowna-socket-1200-asrock-h510m-hdv-r20.html","ASRock H510M-HDV R2.0","299,00 zł","Intel Core i9,","mATX","Socket 1200","Intel H510","https://cdn.x-kom.pl/i/setup/images/prod/big/product-new-big,,2022/5/pr_2022_5_26_14_35_10_412_04.jpg"
"1697885385-105","https://www.x-kom.pl/g-5/c/14-plyty-glowne.html?hide_unavailable=1","https://www.x-kom.pl/g-5/c/14-plyty-glowne.html?page=5&hide_unavailable=1","","https://www.x-kom.pl/p/1070328-plyta-glowna-socket-am5-asrock-x670e-pg-lightning.html","ASRock X670E PG LIGHTNING","1 479,00 zł","AMD Ryzen™","ATX","Socket AM5","AMD X670","https://cdn.x-kom.pl/i/setup/images/prod/big/product-new-big,,2022/9/pr_2022_9_25_22_39_37_54_02.jpg"
"1697885388-106","https://www.x-kom.pl/g-5/c/14-plyty-glowne.html?hide_unavailable=1","https://www.x-kom.pl/g-5/c/14-plyty-glowne.html?page=5&hide_unavailable=1","","https://www.x-kom.pl/p/1070728-plyta-glowna-socket-am5-gigabyte-b650-aorus-pro-ax.html","Gigabyte B650 AORUS PRO AX","1 619,00 zł","AMD Ryzen™","ATX","Socket AM5","AMD B650","https://cdn.x-kom.pl/i/setup/images/prod/big/product-new-big,,2022/11/pr_2022_11_2_7_41_30_76_04.jpg"
"1697885391-107","https://www.x-kom.pl/g-5/c/14-plyty-glowne.html?hide_unavailable=1","https://www.x-kom.pl/g-5/c/14-plyty-glowne.html?page=5&hide_unavailable=1","","https://www.x-kom.pl/p/1072686-plyta-glowna-socket-am5-asus-rog-strix-x670e-a-gaming-wifi.html","ASUS ROG STRIX X670E-A GAMING WIFI","2 299,00 zł","AMD Ryzen™","ATX","Socket AM5","AMD X670","https://cdn.x-kom.pl/i/setup/images/prod/big/product-new-big,,2022/9/pr_2022_9_27_8_11_24_693_05.jpg"
"1697885394-108","https://www.x-kom.pl/g-5/c/14-plyty-glowne.html?hide_unavailable=1","https://www.x-kom.pl/g-5/c/14-plyty-glowne.html?page=5&hide_unavailable=1","","https://www.x-kom.pl/p/1072736-plyta-glowna-socket-am5-msi-pro-b650m-a-wifi.html","MSI PRO B650M-A WIFI","969,00 zł","AMD Ryzen™","mATX","Socket AM5","AMD B650","https://cdn.x-kom.pl/i/setup/images/prod/big/product-new-big,,2022/9/pr_2022_9_21_8_29_24_864_05.jpg"
"1697885397-109","https://www.x-kom.pl/g-5/c/14-plyty-glowne.html?hide_unavailable=1","https://www.x-kom.pl/g-5/c/14-plyty-glowne.html?page=5&hide_unavailable=1","","https://www.x-kom.pl/p/1075902-plyta-glowna-socket-1700-asus-tuf-gaming-z790-plus-ddr4.html","ASUS TUF GAMING Z790-PLUS DDR4","1 449,00 zł","Intel Core i9,","ATX","Socket 1700","Intel Z790","https://cdn.x-kom.pl/i/setup/images/prod/big/product-new-big,,2022/10/pr_2022_10_18_13_17_31_510_04.jpg"
"1697885401-110","https://www.x-kom.pl/g-5/c/14-plyty-glowne.html?hide_unavailable=1","https://www.x-kom.pl/g-5/c/14-plyty-glowne.html?page=5&hide_unavailable=1","","https://www.x-kom.pl/p/1079837-plyta-glowna-socket-am5-asus-rog-strix-b650e-i-gaming-wifi.html","ASUS ROG STRIX B650E-I GAMING WIFI","1 649,00 zł","AMD Ryzen™","mITX","Socket AM5","AMD B650","https://cdn.x-kom.pl/i/setup/images/prod/big/product-new-big,,2022/10/pr_2022_10_10_19_56_51_642_03.jpg"
"1697885404-111","https://www.x-kom.pl/g-5/c/14-plyty-glowne.html?hide_unavailable=1","https://www.x-kom.pl/g-5/c/14-plyty-glowne.html?page=5&hide_unavailable=1","","https://www.x-kom.pl/p/1079838-plyta-glowna-socket-am5-asus-tuf-gaming-b650-plus-wifi.html","ASUS TUF GAMING B650-PLUS WIFI","1 459,00 zł","AMD Ryzen™","ATX","Socket AM5","AMD B650","https://cdn.x-kom.pl/i/setup/images/prod/big/product-new-big,,2022/10/pr_2022_10_10_18_52_15_825_05.jpg"
"1697885408-112","https://www.x-kom.pl/g-5/c/14-plyty-glowne.html?hide_unavailable=1","https://www.x-kom.pl/g-5/c/14-plyty-glowne.html?page=5&hide_unavailable=1","","https://www.x-kom.pl/p/1084688-plyta-glowna-socket-1700-asrock-z790m-itx-wifi.html","ASRock Z790M-ITX WiFi","1 249,00 zł","Intel Core i9,","mITX","Socket 1700","Intel Z790","https://cdn.x-kom.pl/i/setup/images/prod/big/product-new-big,,2022/10/pr_2022_10_25_12_19_41_743_04.jpg"
"1697885411-113","https://www.x-kom.pl/g-5/c/14-plyty-glowne.html?hide_unavailable=1","https://www.x-kom.pl/g-5/c/14-plyty-glowne.html?page=5&hide_unavailable=1","","https://www.x-kom.pl/p/1104366-plyta-glowna-socket-1700-asus-prime-b760-plus-ddr4.html","ASUS PRIME B760-PLUS DDR4","879,00 zł","Intel Core i9,","ATX","Socket 1700","Intel B760","https://cdn.x-kom.pl/i/setup/images/prod/big/product-new-big,,2023/1/pr_2023_1_11_11_33_11_166_02.jpg"
"1697885415-114","https://www.x-kom.pl/g-5/c/14-plyty-glowne.html?hide_unavailable=1","https://www.x-kom.pl/g-5/c/14-plyty-glowne.html?page=5&hide_unavailable=1","","https://www.x-kom.pl/p/1104377-plyta-glowna-socket-1700-gigabyte-b760m-gaming-x-ax-ddr4.html","Gigabyte B760M GAMING X AX DDR4","759,00 zł","Intel Core i9,","mATX","Socket 1700","Intel B760","https://cdn.x-kom.pl/i/setup/images/prod/big/product-new-big,,2023/1/pr_2023_1_11_10_47_31_188_04.jpg"
"1697885418-115","https://www.x-kom.pl/g-5/c/14-plyty-glowne.html?hide_unavailable=1","https://www.x-kom.pl/g-5/c/14-plyty-glowne.html?page=5&hide_unavailable=1","","https://www.x-kom.pl/p/1070699-plyta-glowna-socket-1700-gigabyte-z790-aorus-master.html","Gigabyte Z790 AORUS MASTER","2 799,00 zł","Intel Core i9,","E-ATX","Socket 1700","Intel Z790","https://cdn.x-kom.pl/i/setup/images/prod/big/product-new-big,,2022/9/pr_2022_9_28_8_51_0_405_04.jpg"
"1697885421-116","https://www.x-kom.pl/g-5/c/14-plyty-glowne.html?hide_unavailable=1","https://www.x-kom.pl/g-5/c/14-plyty-glowne.html?page=5&hide_unavailable=1","","https://www.x-kom.pl/p/1070723-plyta-glowna-socket-1700-gigabyte-z790-aorus-elite-ax-ddr4.html","Gigabyte Z790 AORUS ELITE AX DDR4","1 459,00 zł","Intel Core i9,","ATX","Socket 1700","Intel Z790","https://cdn.x-kom.pl/i/setup/images/prod/big/product-new-big,,2022/9/pr_2022_9_30_9_43_25_270_04.jpg"
"1697885424-117","https://www.x-kom.pl/g-5/c/14-plyty-glowne.html?hide_unavailable=1","https://www.x-kom.pl/g-5/c/14-plyty-glowne.html?page=5&hide_unavailable=1","","https://www.x-kom.pl/p/1072711-plyta-glowna-socket-am5-asus-proart-x670e-creator-wifi.html","ASUS ProArt X670E-CREATOR WIFI","2 299,00 zł","AMD Ryzen™","ATX","Socket AM5","AMD X670","https://cdn.x-kom.pl/i/setup/images/prod/big/product-new-big,,2022/11/pr_2022_11_2_12_12_4_816_03.jpg"
"1697885429-118","https://www.x-kom.pl/g-5/c/14-plyty-glowne.html?hide_unavailable=1","https://www.x-kom.pl/g-5/c/14-plyty-glowne.html?page=5&hide_unavailable=1","","https://www.x-kom.pl/p/1072757-plyta-glowna-socket-1700-msi-mpg-z790i-edge-wifi.html","MSI MPG Z790I EDGE WIFI","1 889,00 zł","Intel Core i9,","mITX","Socket 1700","Intel Z790","https://cdn.x-kom.pl/i/setup/images/prod/big/product-new-big,,2022/9/pr_2022_9_28_13_27_12_790_04.jpg"
"1697885433-119","https://www.x-kom.pl/g-5/c/14-plyty-glowne.html?hide_unavailable=1","https://www.x-kom.pl/g-5/c/14-plyty-glowne.html?page=5&hide_unavailable=1","","https://www.x-kom.pl/p/1079940-plyta-glowna-socket-am5-gigabyte-b650m-aorus-elite-ax.html","Gigabyte B650M AORUS ELITE AX","1 199,00 zł","AMD Ryzen™","mATX","Socket AM5","AMD B650","https://cdn.x-kom.pl/i/setup/images/prod/big/product-new-big,,2022/10/pr_2022_10_10_10_12_54_382_04.jpg"
"1697885437-120","https://www.x-kom.pl/g-5/c/14-plyty-glowne.html?hide_unavailable=1","https://www.x-kom.pl/g-5/c/14-plyty-glowne.html?page=5&hide_unavailable=1","","https://www.x-kom.pl/p/1084682-plyta-glowna-socket-1700-asrock-z790-pro-rs-ddr4.html","ASRock Z790 Pro RS DDR4","1 049,00 zł","Intel Core i9,","ATX","Socket 1700","Intel Z790","https://cdn.x-kom.pl/i/setup/images/prod/big/product-new-big,,2022/10/pr_2022_10_25_10_5_51_851_04.jpg"
"1697885442-121","https://www.x-kom.pl/g-5/c/14-plyty-glowne.html?hide_unavailable=1","https://www.x-kom.pl/g-5/c/14-plyty-glowne.html?page=6&hide_unavailable=1","","https://www.x-kom.pl/p/505623-plyta-glowna-socket-am4-asrock-x570-steel-legend.html","ASRock X570 Steel Legend","1 069,00 zł","AMD Ryzen™","ATX","Socket AM4","AMD X570","https://cdn.x-kom.pl/i/setup/images/prod/big/product-new-big,,2019/7/pr_2019_7_9_10_46_11_866_00.jpg"
"1697885445-122","https://www.x-kom.pl/g-5/c/14-plyty-glowne.html?hide_unavailable=1","https://www.x-kom.pl/g-5/c/14-plyty-glowne.html?page=6&hide_unavailable=1","","https://www.x-kom.pl/p/569387-plyta-glowna-socket-am4-asrock-b550m-pro4.html","ASRock B550M Pro4","469,00 zł","AMD Ryzen™","uATX","Socket AM4","AMD B550","https://cdn.x-kom.pl/i/setup/images/prod/big/product-new-big,,2020/5/pr_2020_5_27_14_19_20_572_00.jpg"
"1697885449-123","https://www.x-kom.pl/g-5/c/14-plyty-glowne.html?hide_unavailable=1","https://www.x-kom.pl/g-5/c/14-plyty-glowne.html?page=6&hide_unavailable=1","","https://www.x-kom.pl/p/613678-plyta-glowna-socket-am4-asrock-a520m-hvs.html","ASRock A520M-HVS","289,00 zł","AMD Ryzen™","mATX","Socket AM4","AMD A520","https://cdn.x-kom.pl/i/setup/images/prod/big/product-new-big,,2020/12/pr_2020_12_11_14_1_23_346_04.jpg"
"1697885452-124","https://www.x-kom.pl/g-5/c/14-plyty-glowne.html?hide_unavailable=1","https://www.x-kom.pl/g-5/c/14-plyty-glowne.html?page=6&hide_unavailable=1","","https://www.x-kom.pl/p/619983-plyta-glowna-socket-1200-asus-rog-maximus-xiii-extreme.html","ASUS ROG MAXIMUS XIII EXTREME","3 699,00 zł","Intel Core i9,","E-ATX","Socket 1200","Intel Z590","https://cdn.x-kom.pl/i/setup/images/prod/big/product-new-big,,2021/2/pr_2021_2_5_15_44_7_45_04.jpg"
"1697885455-125","https://www.x-kom.pl/g-5/c/14-plyty-glowne.html?hide_unavailable=1","https://www.x-kom.pl/g-5/c/14-plyty-glowne.html?page=6&hide_unavailable=1","","https://www.x-kom.pl/p/709350-plyta-glowna-socket-1700-asus-proart-b660-creator-ddr4.html","ASUS PROART B660-CREATOR DDR4","1 099,00 zł","Intel Core i9,","ATX","Socket 1700","Intel B660","https://cdn.x-kom.pl/i/setup/images/prod/big/product-new-big,,2022/1/pr_2022_1_4_15_35_11_308_02.jpg"
"1697885459-126","https://www.x-kom.pl/g-5/c/14-plyty-glowne.html?hide_unavailable=1","https://www.x-kom.pl/g-5/c/14-plyty-glowne.html?page=6&hide_unavailable=1","","https://www.x-kom.pl/p/709357-plyta-glowna-socket-1700-asus-tuf-gaming-h670-pro-wifi-ddr4.html","ASUS TUF GAMING H670-PRO WIFI DDR4","1 059,00 zł","Intel Core i9,","ATX","Socket 1700","Intel H670","https://cdn.x-kom.pl/i/setup/images/prod/big/product-new-big,,2022/1/pr_2022_1_4_18_50_3_900_03.jpg"
"1697885462-127","https://www.x-kom.pl/g-5/c/14-plyty-glowne.html?hide_unavailable=1","https://www.x-kom.pl/g-5/c/14-plyty-glowne.html?page=6&hide_unavailable=1","","https://www.x-kom.pl/p/722483-plyta-glowna-socket-am4-asus-tuf-gaming-b550m-plus-wifi-ii.html","ASUS TUF GAMING B550M-PLUS WIFI II","839,00 zł","AMD Ryzen™","mATX","Socket AM4","AMD B550","https://cdn.x-kom.pl/i/setup/images/prod/big/product-new-big,,2022/2/pr_2022_2_13_15_59_36_93_01.jpg"
"1697885465-128","https://www.x-kom.pl/g-5/c/14-plyty-glowne.html?hide_unavailable=1","https://www.x-kom.pl/g-5/c/14-plyty-glowne.html?page=6&hide_unavailable=1","","https://www.x-kom.pl/p/1062396-plyta-glowna-socket-am5-asrock-x670e-taichi-carrara.html","ASRock X670E Taichi Carrara","2 899,00 zł","AMD Ryzen™","ATX","Socket AM5","AMD X670","https://cdn.x-kom.pl/i/setup/images/prod/big/product-new-big,,2022/8/pr_2022_8_24_13_15_55_313_01.jpg"
"1697885468-129","https://www.x-kom.pl/g-5/c/14-plyty-glowne.html?hide_unavailable=1","https://www.x-kom.pl/g-5/c/14-plyty-glowne.html?page=6&hide_unavailable=1","","https://www.x-kom.pl/p/1062399-plyta-glowna-socket-am5-asrock-x670e-taichi.html","ASRock X670E Taichi","2 499,00 zł","AMD Ryzen™","ATX","Socket AM5","AMD X670","https://cdn.x-kom.pl/i/setup/images/prod/big/product-new-big,,2022/8/pr_2022_8_24_13_26_11_753_01.jpg"
"1697885472-130","https://www.x-kom.pl/g-5/c/14-plyty-glowne.html?hide_unavailable=1","https://www.x-kom.pl/g-5/c/14-plyty-glowne.html?page=6&hide_unavailable=1","","https://www.x-kom.pl/p/1070726-plyta-glowna-socket-am5-gigabyte-b650e-aorus-master.html","Gigabyte B650E AORUS MASTER","2 149,00 zł","AMD Ryzen™","ATX","Socket AM5","AMD B650","https://cdn.x-kom.pl/i/setup/images/prod/big/product-new-big,,2022/10/pr_2022_10_5_8_32_46_941_04.jpg"
"1697885475-131","https://www.x-kom.pl/g-5/c/14-plyty-glowne.html?hide_unavailable=1","https://www.x-kom.pl/g-5/c/14-plyty-glowne.html?page=6&hide_unavailable=1","","https://www.x-kom.pl/p/1070735-plyta-glowna-socket-1700-asus-proart-z790-creator-wifi.html","ASUS PROART Z790-CREATOR WIFI","2 599,00 zł","Intel Core i9,","ATX","Socket 1700","Intel Z790","https://cdn.x-kom.pl/i/setup/images/prod/big/product-new-big,,2022/10/pr_2022_10_31_7_30_55_474_03.jpg"
"1697885479-132","https://www.x-kom.pl/g-5/c/14-plyty-glowne.html?hide_unavailable=1","https://www.x-kom.pl/g-5/c/14-plyty-glowne.html?page=6&hide_unavailable=1","","https://www.x-kom.pl/p/1071818-plyta-glowna-socket-1200-asus-prime-h510m-r-si.html","ASUS PRIME H510M-R-SI","359,00 zł","Intel Core i9,","mATX","Socket 1200","Intel H510","https://cdn.x-kom.pl/i/setup/images/prod/big/product-new-big,,2023/8/pr_2023_8_30_7_27_16_620_00.jpg"
"1697885482-133","https://www.x-kom.pl/g-5/c/14-plyty-glowne.html?hide_unavailable=1","https://www.x-kom.pl/g-5/c/14-plyty-glowne.html?page=6&hide_unavailable=1","","https://www.x-kom.pl/p/1072704-plyta-glowna-socket-am5-asus-prime-x670-p-wifi.html","ASUS PRIME X670-P WIFI","1 539,00 zł","AMD Ryzen™","ATX","Socket AM5","AMD X670","https://cdn.x-kom.pl/i/setup/images/prod/big/product-new-big,,2022/9/pr_2022_9_21_9_27_33_40_05.jpg"
"1697885485-134","https://www.x-kom.pl/g-5/c/14-plyty-glowne.html?hide_unavailable=1","https://www.x-kom.pl/g-5/c/14-plyty-glowne.html?page=6&hide_unavailable=1","","https://www.x-kom.pl/p/1072707-plyta-glowna-socket-am5-asus-prime-x670-p.html","ASUS PRIME X670-P","1 469,00 zł","AMD Ryzen™","ATX","Socket AM5","AMD X670","https://cdn.x-kom.pl/i/setup/images/prod/big/product-new-big,,2022/9/pr_2022_9_21_9_10_31_286_04.jpg"
"1697885488-135","https://www.x-kom.pl/g-5/c/14-plyty-glowne.html?hide_unavailable=1","https://www.x-kom.pl/g-5/c/14-plyty-glowne.html?page=6&hide_unavailable=1","","https://www.x-kom.pl/p/1072735-plyta-glowna-socket-am5-msi-mag-b650m-mortar-wifi.html","MSI MAG B650M MORTAR WIFI","1 199,00 zł","AMD Ryzen™","mATX","Socket AM5","AMD B650","https://cdn.x-kom.pl/i/setup/images/prod/big/product-new-big,,2022/9/pr_2022_9_19_13_32_20_453_05.jpg"
"1697885491-136","https://www.x-kom.pl/g-5/c/14-plyty-glowne.html?hide_unavailable=1","https://www.x-kom.pl/g-5/c/14-plyty-glowne.html?page=6&hide_unavailable=1","","https://www.x-kom.pl/p/1075914-plyta-glowna-socket-1700-asus-prime-z790m-plus-ddr4.html","ASUS PRIME Z790M-PLUS DDR4","1 189,00 zł","Intel Core i9,","mATX","Socket 1700","Intel Z790","https://cdn.x-kom.pl/i/setup/images/prod/big/product-new-big,,2022/11/pr_2022_11_2_10_17_58_298_02.jpg"
"1697885493-137","https://www.x-kom.pl/g-5/c/14-plyty-glowne.html?hide_unavailable=1","https://www.x-kom.pl/g-5/c/14-plyty-glowne.html?page=6&hide_unavailable=1","","https://www.x-kom.pl/p/1079819-plyta-glowna-socket-am5-asrock-b650-livemixer.html","ASRock B650 LIVEMIXER","1 169,00 zł","AMD Ryzen™","ATX","Socket AM5","AMD B650","https://cdn.x-kom.pl/i/setup/images/prod/big/product-new-big,,2022/10/pr_2022_10_18_10_12_29_937_05.jpg"
"1697885497-138","https://www.x-kom.pl/g-5/c/14-plyty-glowne.html?hide_unavailable=1","https://www.x-kom.pl/g-5/c/14-plyty-glowne.html?page=6&hide_unavailable=1","","https://www.x-kom.pl/p/1079839-plyta-glowna-socket-am5-asus-tuf-gaming-b650-plus.html","ASUS TUF GAMING B650-PLUS","1 199,00 zł","AMD Ryzen™","ATX","Socket AM5","AMD B650","https://cdn.x-kom.pl/i/setup/images/prod/big/product-new-big,,2022/12/pr_2022_12_5_16_13_10_829_03.jpg"
"1697885501-139","https://www.x-kom.pl/g-5/c/14-plyty-glowne.html?hide_unavailable=1","https://www.x-kom.pl/g-5/c/14-plyty-glowne.html?page=6&hide_unavailable=1","","https://www.x-kom.pl/p/1079843-plyta-glowna-socket-am5-asus-prime-b650-plus.html","ASUS PRIME B650-PLUS","1 049,00 zł","AMD Ryzen™","ATX","Socket AM5","AMD B650","https://cdn.x-kom.pl/i/setup/images/prod/big/product-new-big,,2022/10/pr_2022_10_10_17_49_9_126_05.jpg"
"1697885504-140","https://www.x-kom.pl/g-5/c/14-plyty-glowne.html?hide_unavailable=1","https://www.x-kom.pl/g-5/c/14-plyty-glowne.html?page=6&hide_unavailable=1","","https://www.x-kom.pl/p/1084687-plyta-glowna-socket-1700-asrock-z790m-pg-lightning-ddr4.html","ASRock Z790M PG Lightning DDR4","899,00 zł","Intel Core i9,","mATX","Socket 1700","Intel Z790","https://cdn.x-kom.pl/i/setup/images/prod/big/product-new-big,,2022/10/pr_2022_10_25_12_45_52_816_04.jpg"
"1697885507-141","https://www.x-kom.pl/g-5/c/14-plyty-glowne.html?hide_unavailable=1","https://www.x-kom.pl/g-5/c/14-plyty-glowne.html?page=6&hide_unavailable=1","","https://www.x-kom.pl/p/1091155-plyta-glowna-socket-1700-asrock-z790-pg-sonic.html","ASRock Z790 PG SONIC","1 279,00 zł","Intel Core i9,","ATX","Socket 1700","Intel Z790","https://cdn.x-kom.pl/i/setup/images/prod/big/product-new-big,,2022/11/pr_2022_11_22_13_11_41_214_05.jpg"
"1697885510-142","https://www.x-kom.pl/g-5/c/14-plyty-glowne.html?hide_unavailable=1","https://www.x-kom.pl/g-5/c/14-plyty-glowne.html?page=6&hide_unavailable=1","","https://www.x-kom.pl/p/1107473-plyta-glowna-socket-1700-asus-tuf-gaming-b760m-plus-ddr4.html","ASUS TUF GAMING B760M-PLUS DDR4","1 019,00 zł","Intel Core i9,","mATX","Socket 1700","Intel B760","https://cdn.x-kom.pl/i/setup/images/prod/big/product-new-big,,2023/1/pr_2023_1_16_11_4_23_851_05.jpg"
"1697885513-143","https://www.x-kom.pl/g-5/c/14-plyty-glowne.html?hide_unavailable=1","https://www.x-kom.pl/g-5/c/14-plyty-glowne.html?page=6&hide_unavailable=1","","https://www.x-kom.pl/p/1122968-plyta-glowna-socket-am5-asus-prime-b650m-a-ii.html","ASUS PRIME B650M-A II","899,00 zł","AMD Ryzen™","mATX","Socket AM5","AMD B650","https://cdn.x-kom.pl/i/setup/images/prod/big/product-new-big,,2023/3/pr_2023_3_6_8_50_12_815_04.jpg"
"1697885516-144","https://www.x-kom.pl/g-5/c/14-plyty-glowne.html?hide_unavailable=1","https://www.x-kom.pl/g-5/c/14-plyty-glowne.html?page=6&hide_unavailable=1","","https://www.x-kom.pl/p/1122969-plyta-glowna-socket-am5-asus-prime-b650m-a-wifi-ii.html","ASUS PRIME B650M-A WIFI II","999,00 zł","AMD Ryzen™","mATX","Socket AM5","AMD B650","https://cdn.x-kom.pl/i/setup/images/prod/big/product-new-big,,2023/3/pr_2023_3_6_9_14_5_452_04.jpg"
"1697885519-145","https://www.x-kom.pl/g-5/c/14-plyty-glowne.html?hide_unavailable=1","","","https://www.x-kom.pl/p/569343-plyta-glowna-socket-am4-asus-prime-b550m-a.html","ASUS PRIME B550M-A","419,00 zł","AMD Ryzen™","mATX","Socket AM4","AMD B550","https://cdn.x-kom.pl/i/setup/images/prod/big/product-new-big,,2020/6/pr_2020_6_10_9_6_34_575_01.jpg"
"1697885523-146","https://www.x-kom.pl/g-5/c/14-plyty-glowne.html?hide_unavailable=1","","","https://www.x-kom.pl/p/1070708-plyta-glowna-socket-1700-gigabyte-z790-gaming-x-ax.html","Gigabyte Z790 GAMING X AX","1 349,00 zł","Intel Core i9,","ATX","Socket 1700","Intel Z790","https://cdn.x-kom.pl/i/setup/images/prod/big/product-new-big,,2022/9/pr_2022_9_30_9_25_19_543_04.jpg"
"1697885526-147","https://www.x-kom.pl/g-5/c/14-plyty-glowne.html?hide_unavailable=1","","","https://www.x-kom.pl/p/651265-plyta-glowna-socket-1200-gigabyte-h410m-s2h-v2.html","Gigabyte H410M S2H V2","299,00 zł","Intel Core i9,","mATX","Socket 1200","Intel H410","https://cdn.x-kom.pl/i/setup/images/prod/big/product-new-big,,2021/5/pr_2021_5_7_10_28_48_376_01.jpg"
"1697885529-148","https://www.x-kom.pl/g-5/c/14-plyty-glowne.html?hide_unavailable=1","","","https://www.x-kom.pl/p/1079831-plyta-glowna-socket-am5-asrock-b650m-pg-riptide.html","ASRock B650M PG RIPTIDE","769,00 zł","AMD Ryzen™","mATX","Socket AM5","AMD B650","https://cdn.x-kom.pl/i/setup/images/prod/big/product-new-big,,2022/10/pr_2022_10_9_11_44_14_2_05.jpg"
"1697885532-149","https://www.x-kom.pl/g-5/c/14-plyty-glowne.html?hide_unavailable=1","","","https://www.x-kom.pl/p/609278-plyta-glowna-socket-am4-gigabyte-a520-aorus-elite.html","Gigabyte A520 AORUS ELITE","439,00 zł","AMD Ryzen™","ATX","Socket AM4","AMD A520","https://cdn.x-kom.pl/i/setup/images/prod/big/product-new-big,,2020/11/pr_2020_11_26_14_8_0_231_00.jpg"
"1697885535-150","https://www.x-kom.pl/g-5/c/14-plyty-glowne.html?hide_unavailable=1","","","https://www.x-kom.pl/p/709353-plyta-glowna-socket-1700-asus-prime-b660m-a-wifi-ddr4.html","ASUS PRIME B660M-A WIFI DDR4","589,00 zł","Intel Core i9,","mATX","Socket 1700","Intel B660","https://cdn.x-kom.pl/i/setup/images/prod/big/product-new-big,,2022/1/pr_2022_1_4_14_50_6_697_01.jpg"
"1697885539-151","https://www.x-kom.pl/g-5/c/14-plyty-glowne.html?hide_unavailable=1","","","https://www.x-kom.pl/p/712489-plyta-glowna-socket-am4-asus-tuf-gaming-b550-plus-wifi-ii.html","ASUS TUF GAMING B550-PLUS WIFI II","669,00 zł","AMD Ryzen™","ATX","Socket AM4","AMD B550","https://cdn.x-kom.pl/i/setup/images/prod/big/product-new-big,,2022/1/pr_2022_1_28_19_26_51_269_03.jpg"
"1697885543-152","https://www.x-kom.pl/g-5/c/14-plyty-glowne.html?hide_unavailable=1","","","https://www.x-kom.pl/p/569338-plyta-glowna-socket-am4-asus-tuf-gaming-b550-plus.html","ASUS TUF GAMING B550-PLUS","599,00 zł","AMD Ryzen™","ATX","Socket AM4","AMD B550","https://cdn.x-kom.pl/i/setup/images/prod/big/product-new-big,,2020/6/pr_2020_6_10_9_40_36_887_03.jpg"
"1697885546-153","https://www.x-kom.pl/g-5/c/14-plyty-glowne.html?hide_unavailable=1","","","https://www.x-kom.pl/p/569336-plyta-glowna-socket-am4-asus-rog-strix-b550-f-gaming.html","ASUS ROG STRIX B550-F GAMING","659,00 zł","AMD Ryzen™","ATX","Socket AM4","AMD B550","https://cdn.x-kom.pl/i/setup/images/prod/big/product-new-big,,2020/6/pr_2020_6_10_10_21_51_857_05.jpg"
"1697885548-154","https://www.x-kom.pl/g-5/c/14-plyty-glowne.html?hide_unavailable=1","","","https://www.x-kom.pl/p/1070720-plyta-glowna-socket-1700-gigabyte-z790-ud-ax.html","Gigabyte Z790 UD AX","1 069,00 zł","Intel Core i9,","ATX","Socket 1700","Intel Z790","https://cdn.x-kom.pl/i/setup/images/prod/big/product-new-big,,2022/9/pr_2022_9_30_9_14_3_181_04.jpg"
"1697885550-155","https://www.x-kom.pl/g-5/c/14-plyty-glowne.html?hide_unavailable=1","","","https://www.x-kom.pl/p/1104378-plyta-glowna-socket-1700-gigabyte-b760m-gaming-x-ddr4.html","Gigabyte B760M GAMING X DDR4","699,00 zł","Intel Core i9,","mATX","Socket 1700","Intel B760","https://cdn.x-kom.pl/i/setup/images/prod/big/product-new-big,,2023/1/pr_2023_1_11_10_35_41_584_04.jpg"
"1697885554-156","https://www.x-kom.pl/g-5/c/14-plyty-glowne.html?hide_unavailable=1","","","https://www.x-kom.pl/p/1104364-plyta-glowna-socket-1700-asus-prime-b760m-a-wifi-ddr4.html","ASUS PRIME B760M-A WIFI DDR4","599,00 zł","Intel Core i9,","mATX","Socket 1700","Intel B760","https://cdn.x-kom.pl/i/setup/images/prod/big/product-new-big,,2023/1/pr_2023_1_11_11_9_57_200_01.jpg"
"1697885557-157","https://www.x-kom.pl/g-5/c/14-plyty-glowne.html?hide_unavailable=1","","","https://www.x-kom.pl/p/1079942-plyta-glowna-socket-am5-gigabyte-b650-gaming-x-ax.html","Gigabyte B650 GAMING X AX","1 169,00 zł","AMD Ryzen™","ATX","Socket AM5","AMD B650","https://cdn.x-kom.pl/i/setup/images/prod/big/product-new-big,,2022/10/pr_2022_10_18_9_53_35_162_04.jpg"
"1697885560-158","https://www.x-kom.pl/g-5/c/14-plyty-glowne.html?hide_unavailable=1","","","https://www.x-kom.pl/p/528007-plyta-glowna-socket-am4-asrock-b450m-hdv-r40.html","ASRock B450M-HDV R4.0","269,00 zł","AMD Ryzen™","mATX","Socket AM4","AMD B450","https://cdn.x-kom.pl/i/setup/images/prod/big/product-new-big,,2019/11/pr_2019_11_19_15_57_33_885_00.jpg"
"1697885564-159","https://www.x-kom.pl/g-5/c/14-plyty-glowne.html?hide_unavailable=1","","","https://www.x-kom.pl/p/508077-plyta-glowna-socket-am4-msi-b450m-pro-vdh-max.html","MSI B450M PRO-VDH MAX","315,00 zł","AMD Ryzen™","mATX","Socket AM4","AMD B450","https://cdn.x-kom.pl/i/setup/images/prod/big/product-new-big,,2019/8/pr_2019_8_2_16_21_21_130_00.jpg"
"1697885568-160","https://www.x-kom.pl/g-5/c/14-plyty-glowne.html?hide_unavailable=1","","","https://www.x-kom.pl/p/656085-plyta-glowna-socket-1200-msi-b560m-pro-e.html","MSI B560M PRO-E","359,00 zł","Intel Core i9,","mATX","Socket 1200","Intel B560","https://cdn.x-kom.pl/i/setup/images/prod/big/product-new-big,,2021/5/pr_2021_5_24_13_4_45_210_00.jpg"
"1697885571-161","https://www.x-kom.pl/g-5/c/14-plyty-glowne.html?hide_unavailable=1","","","https://www.x-kom.pl/p/1072760-plyta-glowna-socket-1700-msi-mag-z790-tomahawk-wifi.html","MSI MAG Z790 TOMAHAWK WIFI","1 299,00 zł","Intel Core i9,","ATX","Socket 1700","Intel Z790","https://cdn.x-kom.pl/i/setup/images/prod/big/product-new-big,,2022/9/pr_2022_9_28_11_59_35_481_04.jpg"
"1697885574-162","https://www.x-kom.pl/g-5/c/14-plyty-glowne.html?hide_unavailable=1","","","https://www.x-kom.pl/p/441208-plyta-glowna-socket-am4-asus-prime-b450-plus.html","ASUS PRIME B450-PLUS","369,00 zł","AMD Ryzen™","ATX","Socket AM4","AMD B450","https://cdn.x-kom.pl/i/setup/images/prod/big/product-new-big,,2021/8/pr_2021_8_27_12_29_48_1_00.jpg"
"1697885579-163","https://www.x-kom.pl/g-5/c/14-plyty-glowne.html?hide_unavailable=1","","","https://www.x-kom.pl/p/609270-plyta-glowna-socket-am4-gigabyte-b550m-aorus-elite.html","Gigabyte B550M AORUS ELITE","479,00 zł","AMD Ryzen™","mATX","Socket AM4","AMD B550","https://cdn.x-kom.pl/i/setup/images/prod/big/product-new-big,,2020/11/pr_2020_11_26_13_11_27_278_00.jpg"
"1697885582-164","https://www.x-kom.pl/g-5/c/14-plyty-glowne.html?hide_unavailable=1","","","https://www.x-kom.pl/p/1107430-plyta-glowna-socket-1700-msi-mag-b760-tomahawk-wifi-ddr4.html","MSI MAG B760 TOMAHAWK WIFI DDR4","789,00 zł","Intel Core i9,","ATX","Socket 1700","Intel B760","https://cdn.x-kom.pl/i/setup/images/prod/big/product-new-big,,2023/1/pr_2023_1_12_14_39_16_837_04.jpg"
"1697885587-165","https://www.x-kom.pl/g-5/c/14-plyty-glowne.html?hide_unavailable=1","","","https://www.x-kom.pl/p/569328-plyta-glowna-socket-am4-msi-mag-b550-tomahawk.html","MSI MAG B550 TOMAHAWK","619,00 zł","AMD Ryzen™","ATX","Socket AM4","AMD B550","https://cdn.x-kom.pl/i/setup/images/prod/big/product-new-big,,2020/6/pr_2020_6_9_16_9_53_392_00.jpg"
"1697885589-166","https://www.x-kom.pl/g-5/c/14-plyty-glowne.html?hide_unavailable=1","","","https://www.x-kom.pl/p/508079-plyta-glowna-socket-am4-msi-b450m-a-pro-max.html","MSI B450M-A PRO MAX","269,00 zł","AMD Ryzen™","mATX","Socket AM4","AMD B450","https://cdn.x-kom.pl/i/setup/images/prod/big/product-new-big,,2019/8/pr_2019_8_21_8_15_21_276_00.jpg"
"1697885592-167","https://www.x-kom.pl/g-5/c/14-plyty-glowne.html?hide_unavailable=1","","","https://www.x-kom.pl/p/1104379-plyta-glowna-socket-1700-gigabyte-b760m-ds3h-ddr4.html","Gigabyte B760M DS3H DDR4","549,00 zł","Intel Core i9,","mATX","Socket 1700","Intel B760","https://cdn.x-kom.pl/i/setup/images/prod/big/product-new-big,,2023/1/pr_2023_1_11_11_17_49_954_04.jpg"
"1697885595-168","https://www.x-kom.pl/g-5/c/14-plyty-glowne.html?hide_unavailable=1","","","https://www.x-kom.pl/p/605744-plyta-glowna-socket-am4-gigabyte-b550-aorus-elite-v2.html","Gigabyte B550 AORUS ELITE V2","659,00 zł","AMD Ryzen™","ATX","Socket AM4","AMD B550","https://cdn.x-kom.pl/i/setup/images/prod/big/product-new-big,,2020/11/pr_2020_11_18_11_59_59_666_04.jpg"
"1697885599-169","https://www.x-kom.pl/g-5/c/14-plyty-glowne.html?hide_unavailable=1","","","https://www.x-kom.pl/p/709342-plyta-glowna-socket-1700-asus-prime-b660-plus-ddr4.html","ASUS PRIME B660-PLUS DDR4","599,00 zł","Intel Core i9,","ATX","Socket 1700","Intel B660","https://cdn.x-kom.pl/i/setup/images/prod/big/product-new-big,,2022/1/pr_2022_1_4_14_55_15_877_02.jpg"
"1697885602-170","https://www.x-kom.pl/g-5/c/14-plyty-glowne.html?hide_unavailable=1","","","https://www.x-kom.pl/p/573225-plyta-glowna-socket-am4-gigabyte-b550m-ds3h.html","Gigabyte B550M DS3H","459,00 zł","AMD Ryzen™","mATX","Socket AM4","AMD B550","https://cdn.x-kom.pl/i/setup/images/prod/big/product-new-big,,2020/6/pr_2020_6_16_8_57_58_874_04.jpg"
"1697885606-171","https://www.x-kom.pl/g-5/c/14-plyty-glowne.html?hide_unavailable=1","","","https://www.x-kom.pl/p/1107479-plyta-glowna-socket-1700-asus-tuf-gaming-b760-plus-wifi-ddr4.html","ASUS TUF GAMING B760-PLUS WIFI DDR4","719,00 zł","Intel Core i9,","ATX","Socket 1700","Intel B760","https://cdn.x-kom.pl/i/setup/images/prod/big/product-new-big,,2023/1/pr_2023_1_16_11_37_26_364_05.jpg"
"1697885609-172","https://www.x-kom.pl/g-5/c/14-plyty-glowne.html?hide_unavailable=1","","","https://www.x-kom.pl/p/609272-plyta-glowna-socket-am4-gigabyte-b550-gaming-x-v2.html","Gigabyte B550 GAMING X V2","489,00 zł","AMD Ryzen™","ATX","Socket AM4","AMD B550","https://cdn.x-kom.pl/i/setup/images/prod/big/product-new-big,,2020/11/pr_2020_11_26_13_25_29_638_00.jpg"
"1697885613-173","https://www.x-kom.pl/g-5/c/14-plyty-glowne.html?hide_unavailable=1","","","https://www.x-kom.pl/p/1104375-plyta-glowna-socket-1700-gigabyte-b760-gaming-x-ddr4.html","Gigabyte B760 GAMING X DDR4","729,00 zł","Intel Core i9,","ATX","Socket 1700","Intel B760","https://cdn.x-kom.pl/i/setup/images/prod/big/product-new-big,,2023/1/pr_2023_1_10_10_54_35_353_05.jpg"
"1697885616-174","https://www.x-kom.pl/g-5/c/14-plyty-glowne.html?hide_unavailable=1","","","https://www.x-kom.pl/p/572282-plyta-glowna-socket-am4-msi-mpg-b550-gaming-plus.html","MSI MPG B550 GAMING PLUS","539,00 zł","AMD Ryzen™","ATX","Socket AM4","AMD B550","https://cdn.x-kom.pl/i/setup/images/prod/big/product-new-big,,2020/6/pr_2020_6_12_9_3_57_498_00.jpg"
