web-scraper-order,web-scraper-start-url,procesor,procesor-href,Nazwa,Socket,Image-src,Frequency,Cache,Cores,Cena
"1697884083-1","https://www.x-kom.pl/g-5/c/11-procesory.html?hide_unavailable=1","","https://www.x-kom.pl/p/539162-procesor-intel-core-i9-intel-core-i9-10900x.html","Intel Core i9-10900X","Socket 2066","https://cdn.x-kom.pl/i/setup/images/prod/big/product-new-big,,2018/12/pr_2018_12_18_13_50_31_406_00.jpg","3.7 GHz","19,25 MB","10 rdzeni","3 499,00 zł"
"1697884086-2","https://www.x-kom.pl/g-5/c/11-procesory.html?hide_unavailable=1","","https://www.x-kom.pl/p/563451-procesor-intel-core-i9-intel-core-i9-10940x.html","Intel Core i9-10940X","Socket 2066","https://cdn.x-kom.pl/i/setup/images/prod/big/product-new-big,,2020/5/pr_2020_5_4_9_32_22_881_00.jpg","3.3 GHz","19,25 MB","14 rdzeni","4 499,00 zł"
"1697884090-3","https://www.x-kom.pl/g-5/c/11-procesory.html?hide_unavailable=1","","https://www.x-kom.pl/p/564433-procesor-intel-core-i9-intel-core-i9-10900k.html","Intel Core i9-10900K","Socket 1200","https://cdn.x-kom.pl/i/setup/images/prod/big/product-new-big,,2020/5/pr_2020_5_6_14_49_13_604_01.jpg","3.7 GHz","20 MB","10 rdzeni","1 849,00 zł"
"1697884093-4","https://www.x-kom.pl/g-5/c/11-procesory.html?hide_unavailable=1","","https://www.x-kom.pl/p/626767-procesor-intel-core-i9-intel-core-i9-11900.html","Intel Core i9-11900","Socket 1200","https://cdn.x-kom.pl/i/setup/images/prod/big/product-new-big,,2021/3/pr_2021_3_15_10_44_13_191_00.jpg","2.5 GHz","16 MB","8 rdzeni","1 999,00 zł"
"1697884096-5","https://www.x-kom.pl/g-5/c/11-procesory.html?hide_unavailable=1","","https://www.x-kom.pl/p/636133-procesor-intel-pentium-intel-pentium-g6405.html","Intel Pentium G6405","Socket 1200","https://cdn.x-kom.pl/i/setup/images/prod/big/product-new-big,,2021/3/pr_2021_3_15_14_32_48_852_00.jpg","4.1 GHz","4 MB","2 rdzenie","329,00 zł"
"1697884099-6","https://www.x-kom.pl/g-5/c/11-procesory.html?hide_unavailable=1","","https://www.x-kom.pl/p/702230-procesory-intel-core-i5-intel-core-i5-12600.html","Intel Core i5-12600","Socket 1700","https://cdn.x-kom.pl/i/setup/images/prod/big/product-new-big,,2021/12/pr_2021_12_23_9_30_34_58_00.jpg","3.3 GHz","18 MB","6 rdzeni","1 369,00 zł"
"1697884103-7","https://www.x-kom.pl/g-5/c/11-procesory.html?hide_unavailable=1","","https://www.x-kom.pl/p/702246-procesor-intel-pentium-intel-pentium-g7400.html","Intel Pentium G7400","Socket 1700","https://cdn.x-kom.pl/i/setup/images/prod/big/product-new-big,,2022/1/pr_2022_1_4_14_54_34_915_00.jpg","3.7 GHz","6 MB","2 rdzenie","449,00 zł"
"1697884106-8","https://www.x-kom.pl/g-5/c/11-procesory.html?hide_unavailable=1","","https://www.x-kom.pl/p/1065198-procesor-amd-threadripper-amd-ryzen-threadripper-pro-5995wx.html","AMD Ryzen Threadripper PRO 5995WX","Socket sWRX8","https://cdn.x-kom.pl/i/setup/images/prod/big/product-new-big,,2022/8/pr_2022_8_18_13_35_58_215_01.jpg","2.7 GHz","288 MB","64 rdzenie","27 999,00 zł"
"1697884109-9","https://www.x-kom.pl/g-5/c/11-procesory.html?hide_unavailable=1","","https://www.x-kom.pl/p/1084961-procesor-amd-threadripper-amd-ryzen-threadripper-pro-5955wx.html","AMD Ryzen Threadripper PRO 5955WX","Socket sWRX8","https://cdn.x-kom.pl/i/setup/images/prod/big/product-new-big,,2022/8/pr_2022_8_18_13_35_58_215_01.jpg","4.0 GHz","72 MB","16 rdzeni","5 299,00 zł"
"1697884112-10","https://www.x-kom.pl/g-5/c/11-procesory.html?hide_unavailable=1","","https://www.x-kom.pl/p/500096-procesor-amd-ryzen-5-amd-ryzen-5-3400g.html","AMD Ryzen 5 3400G","Socket AM4","https://cdn.x-kom.pl/i/setup/images/prod/big/product-new-big,,2019/7/pr_2019_7_19_9_59_52_625_00.jpg","3.7 GHz","6 MB","4 rdzenie","709,00 zł"
"1697884115-11","https://www.x-kom.pl/g-5/c/11-procesory.html?hide_unavailable=1","","https://www.x-kom.pl/p/533442-procesor-intel-core-i9-intel-core-i9-10920x.html","Intel Core i9-10920X","Socket 2066","https://cdn.x-kom.pl/i/setup/images/prod/big/product-new-big,,2018/12/pr_2018_12_18_13_57_48_108_00.jpg","3.5 GHz","19,25 MB","12 rdzeni","3 999,00 zł"
"1697884118-12","https://www.x-kom.pl/g-5/c/11-procesory.html?hide_unavailable=1","","https://www.x-kom.pl/p/702219-procesor-intel-core-i9-intel-core-i9-12900.html","Intel Core i9-12900","Socket 1700","https://cdn.x-kom.pl/i/setup/images/prod/big/product-new-big,,2021/12/pr_2021_12_23_9_45_10_282_00.jpg","2.4 GHz","30 MB","16 rdzeni","2 219,00 zł"
"1697884121-13","https://www.x-kom.pl/g-5/c/11-procesory.html?hide_unavailable=1","","https://www.x-kom.pl/p/702233-procesory-intel-core-i5-intel-core-i5-12500.html","Intel Core i5-12500","Socket 1700","https://cdn.x-kom.pl/i/setup/images/prod/big/product-new-big,,2021/12/pr_2021_12_23_9_30_34_58_00.jpg","3.0 GHz","18 MB","6 rdzeni","1 199,00 zł"
"1697884125-14","https://www.x-kom.pl/g-5/c/11-procesory.html?hide_unavailable=1","","https://www.x-kom.pl/p/1065210-procesor-amd-threadripper-amd-ryzen-threadripper-pro-5975wx.html","AMD Ryzen Threadripper PRO 5975WX","Socket sWRX8","https://cdn.x-kom.pl/i/setup/images/prod/big/product-new-big,,2022/8/pr_2022_8_18_13_35_58_215_01.jpg","3.6 GHz","144 MB","32 rdzenie","13 999,00 zł"
"1697884128-15","https://www.x-kom.pl/g-5/c/11-procesory.html?hide_unavailable=1","","https://www.x-kom.pl/p/1065211-procesor-amd-threadripper-amd-ryzen-threadripper-pro-5965wx.html","AMD Ryzen Threadripper PRO 5965WX","Socket sWRX8","https://cdn.x-kom.pl/i/setup/images/prod/big/product-new-big,,2022/8/pr_2022_8_18_13_35_58_215_01.jpg","3.8 GHz","140 MB","24 rdzenie","9 999,00 zł"
"1697884132-16","https://www.x-kom.pl/g-5/c/11-procesory.html?hide_unavailable=1","","https://www.x-kom.pl/p/626733-procesory-intel-core-i5-intel-core-i5-11600.html","Intel Core i5-11600","Socket 1200","https://cdn.x-kom.pl/i/setup/images/prod/big/product-new-big,,2021/3/pr_2021_3_15_9_54_57_565_00.jpg","2.8 GHz","12 MB","6 rdzeni","1 249,00 zł"
"1697884136-17","https://www.x-kom.pl/g-5/c/11-procesory.html?hide_unavailable=1","","https://www.x-kom.pl/p/628047-procesor-intel-celeron-intel-celeron-g5905.html","Intel Celeron G5905","Socket 1200","https://cdn.x-kom.pl/i/setup/images/prod/big/product-new-big,,2021/10/pr_2021_10_7_13_39_45_13_00.jpg","3.5 GHz","4 MB","2 rdzenie","739,00 zł"
"1697884139-18","https://www.x-kom.pl/g-5/c/11-procesory.html?hide_unavailable=1","","https://www.x-kom.pl/p/702223-procesor-intel-core-i9-intel-core-i9-12900f.html","Intel Core i9-12900F","Socket 1700","https://cdn.x-kom.pl/i/setup/images/prod/big/product-new-big,,2021/12/pr_2021_12_23_9_45_59_587_00.jpg","2.4 GHz","30 MB","16 rdzeni","2 199,00 zł"
"1697884143-19","https://www.x-kom.pl/g-5/c/11-procesory.html?hide_unavailable=1","","https://www.x-kom.pl/p/1100878-procesor-intel-core-i3-intel-core-i3-13100f.html","Intel Core i3-13100F","Socket 1700","https://cdn.x-kom.pl/i/setup/images/prod/big/product-new-big,,2023/1/pr_2023_1_2_9_7_5_298_02.jpg","3.4 GHz","12 MB","4 rdzenie","529,00 zł"
"1697884147-20","https://www.x-kom.pl/g-5/c/11-procesory.html?hide_unavailable=1","","https://www.x-kom.pl/p/564455-procesory-intel-core-i5-intel-core-i5-10600k.html","Intel Core i5-10600K","Socket 1200","https://cdn.x-kom.pl/i/setup/images/prod/big/product-new-big,,2020/5/pr_2020_5_6_15_39_37_609_00.jpg","4.1 GHz","12 MB","6 rdzeni","899,00 zł"
"1697884150-21","https://www.x-kom.pl/g-5/c/11-procesory.html?hide_unavailable=1","","https://www.x-kom.pl/p/702225-procesor-intel-core-i7-intel-core-i7-12700.html","Intel Core i7-12700","Socket 1700","https://cdn.x-kom.pl/i/setup/images/prod/big/product-new-big,,2021/12/pr_2021_12_23_9_40_42_356_00.jpg","2.1 GHz","25 MB","12 rdzeni","1 629,00 zł"
"1697884154-22","https://www.x-kom.pl/g-5/c/11-procesory.html?hide_unavailable=1","","https://www.x-kom.pl/p/1101210-procesor-intel-core-i9-intel-core-i9-13900.html","Intel Core i9-13900","Socket 1700","https://cdn.x-kom.pl/i/setup/images/prod/big/product-new-big,,2023/1/pr_2023_1_2_8_54_36_70_01.jpg","2.0 GHz","36 MB","24 rdzenie","2 999,00 zł"
"1697884157-23","https://www.x-kom.pl/g-5/c/11-procesory.html?hide_unavailable=1","","https://www.x-kom.pl/p/564470-procesor-intel-core-i3-intel-core-i3-10100.html","Intel Core i3-10100","Socket 1200","https://cdn.x-kom.pl/i/setup/images/prod/big/product-new-big,,2020/5/pr_2020_5_6_16_8_32_905_00.jpg","3.6 GHz","6 MB","4 rdzenie","519,00 zł"
"1697884161-24","https://www.x-kom.pl/g-5/c/11-procesory.html?hide_unavailable=1","","https://www.x-kom.pl/p/626760-procesor-intel-core-i7-intel-core-i7-11700.html","Intel Core i7-11700","Socket 1200","https://cdn.x-kom.pl/i/setup/images/prod/big/product-new-big,,2021/3/pr_2021_3_15_10_21_5_778_00.jpg","2.5 GHz","16 MB","8 rdzeni","1 399,00 zł"
"1697884165-25","https://www.x-kom.pl/g-5/c/11-procesory.html?hide_unavailable=1","","https://www.x-kom.pl/p/626759-procesor-intel-core-i7-intel-core-i7-11700k.html","Intel Core i7-11700K","Socket 1200","https://cdn.x-kom.pl/i/setup/images/prod/big/product-new-big,,2021/3/pr_2021_3_15_10_17_21_931_01.jpg","3.6 GHz","16 MB","8 rdzeni","1 499,00 zł"
"1697884169-26","https://www.x-kom.pl/g-5/c/11-procesory.html?hide_unavailable=1","","https://www.x-kom.pl/p/1179923-procesory-intel-core-i5-intel-core-i5-14600k.html","Intel Core i5-14600K","Socket 1700","https://cdn.x-kom.pl/i/setup/images/prod/big/product-new-big,,2023/10/pr_2023_10_12_9_30_38_189_00.jpg","3.5 GHz","24 MB","14 rdzeni","1 649,00 zł"
"1697884173-27","https://www.x-kom.pl/g-5/c/11-procesory.html?hide_unavailable=1","","https://www.x-kom.pl/p/638657-procesor-intel-core-i3-intel-core-i3-10105.html","Intel Core i3-10105","Socket 1200","https://cdn.x-kom.pl/i/setup/images/prod/big/product-new-big,,2021/3/pr_2021_3_15_14_49_52_428_00.jpg","3.7 GHz","6 MB","4 rdzenie","499,00 zł"
"1697884177-28","https://www.x-kom.pl/g-5/c/11-procesory.html?hide_unavailable=1","","https://www.x-kom.pl/p/1101181-procesor-intel-core-i3-intel-core-i3-13100.html","Intel Core i3-13100","Socket 1700","https://cdn.x-kom.pl/i/setup/images/prod/big/product-new-big,,2023/1/pr_2023_1_2_9_0_26_52_02.jpg","3.4 GHz","12 MB","4 rdzenie","749,00 zł"
"1697884180-29","https://www.x-kom.pl/g-5/c/11-procesory.html?hide_unavailable=1","","https://www.x-kom.pl/p/1117009-procesor-amd-ryzen-9-amd-ryzen-9-7900x3d.html","AMD Ryzen 9 7900X3D","Socket AM5","https://cdn.x-kom.pl/i/setup/images/prod/big/product-new-big,,2023/2/pr_2023_2_24_14_19_6_20_00.jpg","4.4 GHz","140 MB","12 rdzeni","2 549,00 zł"
"1697884184-30","https://www.x-kom.pl/g-5/c/11-procesory.html?hide_unavailable=1","","https://www.x-kom.pl/p/1101211-procesor-intel-core-i9-intel-core-i9-13900ks.html","Intel Core i9-13900KS","Socket 1700","https://cdn.x-kom.pl/i/setup/images/prod/big/product-new-big,,2023/1/pr_2023_1_13_8_33_28_2_00.jpg","3.2 GHz","36 MB","24 rdzenie","3 699,00 zł"
"1697884188-31","https://www.x-kom.pl/g-5/c/11-procesory.html?hide_unavailable=1","","https://www.x-kom.pl/p/626748-procesory-intel-core-i5-intel-core-i5-11400.html","Intel Core i5-11400","Socket 1200","https://cdn.x-kom.pl/i/setup/images/prod/big/product-new-big,,2021/3/pr_2021_3_15_9_54_57_565_00.jpg","2.6 GHz","12 MB","6 rdzeni","739,00 zł"
"1697884192-32","https://www.x-kom.pl/g-5/c/11-procesory.html?hide_unavailable=1","","https://www.x-kom.pl/p/1101198-procesory-intel-core-i5-intel-core-i5-13400.html","Intel Core i5-13400","Socket 1700","https://cdn.x-kom.pl/i/setup/images/prod/big/product-new-big,,2023/1/pr_2023_1_2_8_18_54_246_02.jpg","2.5 GHz","20 MB","10 rdzeni","1 229,00 zł"
"1697884196-33","https://www.x-kom.pl/g-5/c/11-procesory.html?hide_unavailable=1","","https://www.x-kom.pl/p/638664-procesor-intel-core-i3-intel-core-i3-10105f.html","Intel Core i3-10105F","Socket 1200","https://cdn.x-kom.pl/i/setup/images/prod/big/product-new-big,,2021/3/pr_2021_3_15_14_49_52_428_00.jpg","3.7 GHz","6 MB","4 rdzenie","329,00 zł"
"1697884200-34","https://www.x-kom.pl/g-5/c/11-procesory.html?hide_unavailable=1","","https://www.x-kom.pl/p/1101208-procesor-intel-core-i7-intel-core-i7-13700.html","Intel Core i7-13700","Socket 1700","https://cdn.x-kom.pl/i/setup/images/prod/big/product-new-big,,2023/1/pr_2023_1_2_8_45_49_660_00.jpg","2.1 GHz","30 MB","16 rdzeni","1 999,00 zł"
"1697884203-35","https://www.x-kom.pl/g-5/c/11-procesory.html?hide_unavailable=1","","https://www.x-kom.pl/p/1105317-procesor-amd-ryzen-9-amd-ryzen-9-7900.html","AMD Ryzen 9 7900","Socket AM5","https://cdn.x-kom.pl/i/setup/images/prod/big/product-new-big,,2023/1/pr_2023_1_10_12_0_48_797_00.jpg","3.7 GHz","76 MB","12 rdzeni","2 029,00 zł"
"1697884207-36","https://www.x-kom.pl/g-5/c/11-procesory.html?hide_unavailable=1","","https://www.x-kom.pl/p/724253-procesor-intel-core-i9-intel-core-i9-12900ks.html","Intel Core i9-12900KS","Socket 1700","https://cdn.x-kom.pl/i/setup/images/prod/big/product-new-big,,2022/3/pr_2022_3_28_11_51_57_833_00.jpg","3.4 GHz","30 MB","16 rdzeni","2 599,00 zł"
"1697884211-37","https://www.x-kom.pl/g-5/c/11-procesory.html?hide_unavailable=1","","https://www.x-kom.pl/p/735711-procesor-amd-ryzen-3-amd-ryzen-3-4100.html","AMD Ryzen 3 4100","Socket AM4","https://cdn.x-kom.pl/i/setup/images/prod/big/product-new-big,,2022/4/pr_2022_4_4_12_45_38_587_00.jpg","3.8 GHz","6 MB","4 rdzenie","319,00 zł"
"1697884214-38","https://www.x-kom.pl/g-5/c/11-procesory.html?hide_unavailable=1","","https://www.x-kom.pl/p/1179909-procesor-intel-core-i9-intel-core-i9-14900kf.html","Intel Core i9-14900KF","Socket 1700","https://cdn.x-kom.pl/i/setup/images/prod/big/product-new-big,,2023/10/pr_2023_10_12_9_1_5_805_00.jpg","3.2 GHz","36 MB","24 rdzenie","2 899,00 zł"
"1697884217-39","https://www.x-kom.pl/g-5/c/11-procesory.html?hide_unavailable=1","","https://www.x-kom.pl/p/1179926-procesory-intel-core-i5-intel-core-i5-14600kf.html","Intel Core i5-14600KF","Socket 1700","https://cdn.x-kom.pl/i/setup/images/prod/big/product-new-big,,2023/10/pr_2023_10_12_9_16_21_154_00.jpg","3.5 GHz","24 MB","14 rdzeni","1 549,00 zł"
"1697884221-40","https://www.x-kom.pl/g-5/c/11-procesory.html?hide_unavailable=1","","https://www.x-kom.pl/p/702227-procesor-intel-core-i7-intel-core-i7-12700f.html","Intel Core i7-12700F","Socket 1700","https://cdn.x-kom.pl/i/setup/images/prod/big/product-new-big,,2021/12/pr_2021_12_23_9_43_8_505_00.jpg","2.1 GHz","25 MB","12 rdzeni","1 479,00 zł"
"1697884224-41","https://www.x-kom.pl/g-5/c/11-procesory.html?hide_unavailable=1","","https://www.x-kom.pl/p/1072683-procesor-amd-ryzen-9-amd-ryzen-9-7950x.html","AMD Ryzen 9 7950X","Socket AM5","https://cdn.x-kom.pl/i/setup/images/prod/big/product-new-big,,2023/1/pr_2023_1_25_12_54_39_334_03.jpg","4.5 GHz","80 MB","16 rdzeni","2 849,00 zł"
"1697884228-42","https://www.x-kom.pl/g-5/c/11-procesory.html?hide_unavailable=1","","https://www.x-kom.pl/p/564466-procesory-intel-core-i5-intel-core-i5-10400.html","Intel Core i5-10400","Socket 1200","https://cdn.x-kom.pl/i/setup/images/prod/big/product-new-big,,2020/5/pr_2020_5_6_15_52_43_481_00.jpg","2.9 GHz","12 MB","6 rdzeni","699,00 zł"
"1697884231-43","https://www.x-kom.pl/g-5/c/11-procesory.html?hide_unavailable=1","","https://www.x-kom.pl/p/1105319-procesor-amd-ryzen-7-amd-ryzen-7-7700.html","AMD Ryzen 7 7700","Socket AM5","https://cdn.x-kom.pl/i/setup/images/prod/big/product-new-big,,2023/1/pr_2023_1_10_13_37_28_110_00.jpg","3.8 GHz","40 MB","8 rdzeni","1 599,00 zł"
"1697884234-44","https://www.x-kom.pl/g-5/c/11-procesory.html?hide_unavailable=1","","https://www.x-kom.pl/p/1179921-procesor-intel-core-i7-intel-core-i7-14700k.html","Intel Core i7-14700K","Socket 1700","https://cdn.x-kom.pl/i/setup/images/prod/big/product-new-big,,2023/10/pr_2023_10_12_9_41_30_179_00.jpg","3.4 GHz","33 MB","20 rdzeni","2 249,00 zł"
"1697884238-45","https://www.x-kom.pl/g-5/c/11-procesory.html?hide_unavailable=1","","https://www.x-kom.pl/p/500097-procesor-amd-ryzen-3-amd-ryzen-3-3200g.html","AMD Ryzen 3 3200G","Socket AM4","https://cdn.x-kom.pl/i/setup/images/prod/big/product-new-big,,2019/7/pr_2019_7_19_10_21_7_743_00.jpg","3.6 GHz","6 MB","4 rdzenie","349,00 zł"
"1697884242-46","https://www.x-kom.pl/g-5/c/11-procesory.html?hide_unavailable=1","","https://www.x-kom.pl/p/596730-procesor-intel-core-i3-intel-core-i3-10100f.html","Intel Core i3-10100F","Socket 1200","https://cdn.x-kom.pl/i/setup/images/prod/big/product-new-big,,2020/5/pr_2020_5_6_16_8_32_905_00.jpg","3.6 GHz","6 MB","4 rdzenie","329,00 zł"
"1697884246-47","https://www.x-kom.pl/g-5/c/11-procesory.html?hide_unavailable=1","","https://www.x-kom.pl/p/689606-procesor-intel-core-i9-intel-core-i9-12900k.html","Intel Core i9-12900K","Socket 1700","https://cdn.x-kom.pl/i/setup/images/prod/big/product-new-big,,2021/10/pr_2021_10_26_7_49_18_782_00.jpg","3.2 GHz","30 MB","16 rdzeni","2 149,00 zł"
"1697884250-48","https://www.x-kom.pl/g-5/c/11-procesory.html?hide_unavailable=1","","https://www.x-kom.pl/p/626763-procesor-intel-core-i7-intel-core-i7-11700f.html","Intel Core i7-11700F","Socket 1200","https://cdn.x-kom.pl/i/setup/images/prod/big/product-new-big,,2021/3/pr_2021_3_15_10_33_19_864_00.jpg","2.5 GHz","16 MB","8 rdzeni","1 049,00 zł"
"1697884254-49","https://www.x-kom.pl/g-5/c/11-procesory.html?hide_unavailable=1","","https://www.x-kom.pl/p/1175398-procesor-amd-ryzen-5-amd-ryzen-5-7500f-oem.html","AMD Ryzen 5 7500F OEM","Socket AM5","https://cdn.x-kom.pl/i/setup/images/prod/big/product-new-big,,2023/9/pr_2023_9_5_9_30_50_444_00.jpg","3.7 GHz","38 MB","6 rdzeni","849,00 zł"
"1697884258-50","https://www.x-kom.pl/g-5/c/11-procesory.html?hide_unavailable=1","","https://www.x-kom.pl/p/689633-procesor-intel-core-i9-intel-core-i9-12900kf.html","Intel Core i9-12900KF","Socket 1700","https://cdn.x-kom.pl/i/setup/images/prod/big/product-new-big,,2021/10/pr_2021_10_26_7_26_53_242_00.jpg","3.2 GHz","30 MB","16 rdzeni","2 049,00 zł"
"1697884263-51","https://www.x-kom.pl/g-5/c/11-procesory.html?hide_unavailable=1","","https://www.x-kom.pl/p/597434-procesor-amd-ryzen-9-amd-ryzen-9-5950x.html","AMD Ryzen 9 5950X","Socket AM4","https://cdn.x-kom.pl/i/setup/images/prod/big/product-new-big,,2020/10/pr_2020_10_9_14_6_57_190_00.jpg","3.4 GHz","72 MB","16 rdzeni","2 049,00 zł"
"1697884266-52","https://www.x-kom.pl/g-5/c/11-procesory.html?hide_unavailable=1","","https://www.x-kom.pl/p/689603-procesor-intel-core-i7-intel-core-i7-12700k.html","Intel Core i7-12700K","Socket 1700","https://cdn.x-kom.pl/i/setup/images/prod/big/product-new-big,,2021/10/pr_2021_10_26_7_35_16_132_00.jpg","3.6 GHz","25 MB","12 rdzeni","1 549,00 zł"
"1697884270-53","https://www.x-kom.pl/g-5/c/11-procesory.html?hide_unavailable=1","","https://www.x-kom.pl/p/702241-procesor-intel-core-i3-intel-core-i3-12100.html","Intel Core i3-12100","Socket 1700","https://cdn.x-kom.pl/i/setup/images/prod/big/product-new-big,,2021/12/pr_2021_12_23_9_28_17_439_00.jpg","3.3 GHz","12 MB","4 rdzenie","579,00 zł"
"1697884274-54","https://www.x-kom.pl/g-5/c/11-procesory.html?hide_unavailable=1","","https://www.x-kom.pl/p/1072706-procesor-amd-ryzen-9-amd-ryzen-9-7900x.html","AMD Ryzen 9 7900X","Socket AM5","https://cdn.x-kom.pl/i/setup/images/prod/big/product-new-big,,2023/1/pr_2023_1_25_12_54_39_334_03.jpg","4.7 GHz","76 MB","12 rdzeni","1 999,00 zł"
"1697884278-55","https://www.x-kom.pl/g-5/c/11-procesory.html?hide_unavailable=1","","https://www.x-kom.pl/p/1101205-procesor-intel-core-i7-intel-core-i7-13700f.html","Intel Core i7-13700F","Socket 1700","https://cdn.x-kom.pl/i/setup/images/prod/big/product-new-big,,2023/1/pr_2023_1_2_9_15_18_935_00.jpg","2.1 GHz","30 MB","16 rdzeni","1 899,00 zł"
"1697884282-56","https://www.x-kom.pl/g-5/c/11-procesory.html?hide_unavailable=1","","https://www.x-kom.pl/p/1079412-procesor-amd-ryzen-3-amd-ryzen-3-4300g.html","AMD Ryzen 3 4300G","Socket AM4","https://cdn.x-kom.pl/i/setup/images/prod/big/product-new-big,,2022/4/pr_2022_4_4_12_45_38_587_00.jpg","3.8 GHz","6 MB","4 rdzenie","399,00 zł"
"1697884285-57","https://www.x-kom.pl/g-5/c/11-procesory.html?hide_unavailable=1","","https://www.x-kom.pl/p/1179922-procesor-intel-core-i7-intel-core-i7-14700kf.html","Intel Core i7-14700KF","Socket 1700","https://cdn.x-kom.pl/i/setup/images/prod/big/product-new-big,,2023/10/pr_2023_10_12_9_51_59_784_00.jpg","3.4 GHz","33 MB","20 rdzeni","2 099,00 zł"
"1697884288-58","https://www.x-kom.pl/g-5/c/11-procesory.html?hide_unavailable=1","","https://www.x-kom.pl/p/1072717-procesor-amd-ryzen-7-amd-ryzen-7-7700x.html","AMD Ryzen 7 7700X","Socket AM5","https://cdn.x-kom.pl/i/setup/images/prod/big/product-new-big,,2023/1/pr_2023_1_25_12_59_59_528_00.jpg","4.5 GHz","40 MB","8 rdzeni","1 619,00 zł"
"1697884292-59","https://www.x-kom.pl/g-5/c/11-procesory.html?hide_unavailable=1","","https://www.x-kom.pl/p/1179896-procesor-intel-core-i9-intel-core-i9-14900k.html","Intel Core i9-14900K","Socket 1700","https://cdn.x-kom.pl/i/setup/images/prod/big/product-new-big,,2023/10/pr_2023_10_12_8_43_7_810_00.jpg","3.2 GHz","36 MB","24 rdzenie","3 049,00 zł"
"1697884295-60","https://www.x-kom.pl/g-5/c/11-procesory.html?hide_unavailable=1","","https://www.x-kom.pl/p/745026-procesor-amd-ryzen-5-amd-ryzen-5-4600g.html","AMD Ryzen 5 4600G","Socket AM4","https://cdn.x-kom.pl/i/setup/images/prod/big/product-new-big,,2022/4/pr_2022_4_4_12_7_15_889_00.jpg","3.7 GHz","11 MB","6 rdzeni","499,00 zł"
"1697884299-61","https://www.x-kom.pl/g-5/c/11-procesory.html?hide_unavailable=1","","https://www.x-kom.pl/p/702235-procesory-intel-core-i5-intel-core-i5-12400.html","Intel Core i5-12400","Socket 1700","https://cdn.x-kom.pl/i/setup/images/prod/big/product-new-big,,2021/12/pr_2021_12_23_9_30_34_58_00.jpg","2.5 GHz","18 MB","6 rdzeni","869,00 zł"
"1697884302-62","https://www.x-kom.pl/g-5/c/11-procesory.html?hide_unavailable=1","","https://www.x-kom.pl/p/735702-procesor-amd-ryzen-5-amd-ryzen-5-4500.html","AMD Ryzen 5 4500","Socket AM4","https://cdn.x-kom.pl/i/setup/images/prod/big/product-new-big,,2022/4/pr_2022_4_4_12_7_15_889_00.jpg","3.6 GHz","11 MB","6 rdzeni","349,00 zł"
"1697884306-63","https://www.x-kom.pl/g-5/c/11-procesory.html?hide_unavailable=1","","https://www.x-kom.pl/p/1073569-procesor-intel-core-i9-intel-core-i9-13900kf.html","Intel Core i9-13900KF","Socket 1700","https://cdn.x-kom.pl/i/setup/images/prod/big/product-new-big,,2022/9/pr_2022_9_27_11_45_44_663_00.jpg","3.0 GHz","36 MB","24 rdzenie","2 849,00 zł"
"1697884311-64","https://www.x-kom.pl/g-5/c/11-procesory.html?hide_unavailable=1","","https://www.x-kom.pl/p/1117003-procesor-amd-ryzen-9-amd-ryzen-9-7950x3d.html","AMD Ryzen 9 7950X3D","Socket AM5","https://cdn.x-kom.pl/i/setup/images/prod/big/product-new-big,,2023/2/pr_2023_2_24_14_19_6_20_00.jpg","4.2 GHz","144 MB","16 rdzeni","3 199,00 zł"
"1697884315-65","https://www.x-kom.pl/g-5/c/11-procesory.html?hide_unavailable=1","","https://www.x-kom.pl/p/1075152-procesor-intel-core-i9-intel-core-i9-13900k.html","Intel Core i9-13900K","Socket 1700","https://cdn.x-kom.pl/i/setup/images/prod/big/product-new-big,,2022/9/pr_2022_9_27_12_7_39_600_00.jpg","3.0 GHz","36 MB","24 rdzenie","2 949,00 zł"
"1697884319-66","https://www.x-kom.pl/g-5/c/11-procesory.html?hide_unavailable=1","","https://www.x-kom.pl/p/564465-procesory-intel-core-i5-intel-core-i5-10400f.html","Intel Core i5-10400F","Socket 1200","https://cdn.x-kom.pl/i/setup/images/prod/big/product-new-big,,2020/5/pr_2020_5_6_15_54_11_386_00.jpg","2.9 GHz","12 MB","6 rdzeni","489,00 zł"
"1697884322-67","https://www.x-kom.pl/g-5/c/11-procesory.html?hide_unavailable=1","","https://www.x-kom.pl/p/665238-procesor-amd-ryzen-7-amd-ryzen-7-5700g.html","AMD Ryzen 7 5700G","Socket AM4","https://cdn.x-kom.pl/i/setup/images/prod/big/product-new-big,,2021/8/pr_2021_8_4_13_57_4_57_00.jpg","3.8 GHz","20 MB","8 rdzeni","869,00 zł"
"1697884325-68","https://www.x-kom.pl/g-5/c/11-procesory.html?hide_unavailable=1","","https://www.x-kom.pl/p/689604-procesor-intel-core-i7-intel-core-i7-12700kf.html","Intel Core i7-12700KF","Socket 1700","https://cdn.x-kom.pl/i/setup/images/prod/big/product-new-big,,2021/10/pr_2021_10_26_7_40_0_88_00.jpg","3.6 GHz","25 MB","12 rdzeni","1 449,00 zł"
"1697884329-69","https://www.x-kom.pl/g-5/c/11-procesory.html?hide_unavailable=1","","https://www.x-kom.pl/p/689638-procesory-intel-core-i5-intel-core-i5-12600kf.html","Intel Core i5-12600KF","Socket 1700","https://cdn.x-kom.pl/i/setup/images/prod/big/product-new-big,,2021/10/pr_2021_10_26_7_44_49_855_00.jpg","3.7 GHz","20 MB","10 rdzeni","1 099,00 zł"
"1697884333-70","https://www.x-kom.pl/g-5/c/11-procesory.html?hide_unavailable=1","","https://www.x-kom.pl/p/689598-procesory-intel-core-i5-intel-core-i5-12600k.html","Intel Core i5-12600K","Socket 1700","https://cdn.x-kom.pl/i/setup/images/prod/big/product-new-big,,2021/10/pr_2021_10_26_7_31_43_884_00.jpg","3.7 GHz","20 MB","10 rdzeni","1 199,00 zł"
"1697884336-71","https://www.x-kom.pl/g-5/c/11-procesory.html?hide_unavailable=1","","https://www.x-kom.pl/p/702244-procesor-intel-core-i3-intel-core-i3-12100f.html","Intel Core i3-12100F","Socket 1700","https://cdn.x-kom.pl/i/setup/images/prod/big/product-new-big,,2021/12/pr_2021_12_23_9_29_13_571_00.jpg","3.3 GHz","12 MB","4 rdzenie","429,00 zł"
"1697884339-72","https://www.x-kom.pl/g-5/c/11-procesory.html?hide_unavailable=1","","https://www.x-kom.pl/p/1105320-procesor-amd-ryzen-5-amd-ryzen-5-7600.html","AMD Ryzen 5 7600","Socket AM5","https://cdn.x-kom.pl/i/setup/images/prod/big/product-new-big,,2023/1/pr_2023_1_10_11_49_33_369_00.jpg","3.8 GHz","38 MB","6 rdzeni","1 099,00 zł"
"1697884343-73","https://www.x-kom.pl/g-5/c/11-procesory.html?hide_unavailable=1","","https://www.x-kom.pl/p/597431-procesor-amd-ryzen-9-amd-ryzen-9-5900x.html","AMD Ryzen 9 5900X","Socket AM4","https://cdn.x-kom.pl/i/setup/images/prod/big/product-new-big,,2020/10/pr_2020_10_9_13_56_59_540_00.jpg","3.7 GHz","70 MB","12 rdzeni","1 499,00 zł"
"1697884346-74","https://www.x-kom.pl/g-5/c/11-procesory.html?hide_unavailable=1","","https://www.x-kom.pl/p/1073573-procesor-intel-core-i7-intel-core-i7-13700kf.html","Intel Core i7-13700KF","Socket 1700","https://cdn.x-kom.pl/i/setup/images/prod/big/product-new-big,,2022/9/pr_2022_9_27_11_59_1_676_00.jpg","3.4 GHz","30 MB","16 rdzeni","1 949,00 zł"
"1697884350-75","https://www.x-kom.pl/g-5/c/11-procesory.html?hide_unavailable=1","","https://www.x-kom.pl/p/500085-procesor-amd-ryzen-5-amd-ryzen-5-3600.html","AMD Ryzen 5 3600","Socket AM4","https://cdn.x-kom.pl/i/setup/images/prod/big/product-new-big,,2019/7/pr_2019_7_19_9_27_42_99_00.jpg","3.6 GHz","35 MB","6 rdzeni","399,00 zł"
"1697884354-76","https://www.x-kom.pl/g-5/c/11-procesory.html?hide_unavailable=1","","https://www.x-kom.pl/p/636842-procesory-intel-core-i5-intel-core-i5-11400f.html","Intel Core i5-11400F","Socket 1200","https://cdn.x-kom.pl/i/setup/images/prod/big/product-new-big,,2021/3/pr_2021_3_16_17_21_50_504_00.jpg","2.6 GHz","12 MB","6 rdzeni","599,00 zł"
"1697884358-77","https://www.x-kom.pl/g-5/c/11-procesory.html?hide_unavailable=1","","https://www.x-kom.pl/p/1117011-procesor-amd-ryzen-7-amd-ryzen-7-7800x3d.html","AMD Ryzen 7 7800X3D","Socket AM5","https://cdn.x-kom.pl/i/setup/images/prod/big/product-new-big,,2023/2/pr_2023_2_28_10_12_13_142_00.jpg","4.2 GHz","104 MB","8 rdzeni","1 849,00 zł"
"1697884361-78","https://www.x-kom.pl/g-5/c/11-procesory.html?hide_unavailable=1","","https://www.x-kom.pl/p/665219-procesor-amd-ryzen-5-amd-ryzen-5-5600g.html","AMD Ryzen 5 5600G","Socket AM4","https://cdn.x-kom.pl/i/setup/images/prod/big/product-new-big,,2021/8/pr_2021_8_4_15_3_7_394_00.jpg","3.9 GHz","19 MB","6 rdzeni","579,00 zł"
"1697884364-79","https://www.x-kom.pl/g-5/c/11-procesory.html?hide_unavailable=1","","https://www.x-kom.pl/p/1072725-procesor-amd-ryzen-5-amd-ryzen-5-7600x.html","AMD Ryzen 5 7600X","Socket AM5","https://cdn.x-kom.pl/i/setup/images/prod/big/product-new-big,,2023/1/pr_2023_1_25_12_49_50_693_03.jpg","4.7 GHz","38 MB","6 rdzeni","1 149,00 zł"
"1697884368-80","https://www.x-kom.pl/g-5/c/11-procesory.html?hide_unavailable=1","","https://www.x-kom.pl/p/1048488-procesor-amd-ryzen-5-amd-ryzen-5-3600.html","AMD Ryzen 5 3600","Socket AM4","https://cdn.x-kom.pl/i/setup/images/prod/big/product-new-big,,2022/6/pr_2022_6_20_11_38_38_466_00.jpg","3.6 GHz","35 MB","6 rdzeni","399,00 zł"
"1697884371-81","https://www.x-kom.pl/g-5/c/11-procesory.html?hide_unavailable=1","","https://www.x-kom.pl/p/1073570-procesor-intel-core-i7-intel-core-i7-13700k.html","Intel Core i7-13700K","Socket 1700","https://cdn.x-kom.pl/i/setup/images/prod/big/product-new-big,,2022/9/pr_2022_9_27_11_58_46_663_00.jpg","3.4 GHz","30 MB","16 rdzeni","2 099,00 zł"
"1697884375-82","https://www.x-kom.pl/g-5/c/11-procesory.html?hide_unavailable=1","","https://www.x-kom.pl/p/1075053-procesory-intel-core-i5-intel-core-i5-13600k.html","Intel Core i5-13600K","Socket 1700","https://cdn.x-kom.pl/i/setup/images/prod/big/product-new-big,,2022/9/pr_2022_9_27_12_10_57_851_00.jpg","3.5 GHz","24 MB","14 rdzeni","1 549,00 zł"
"1697884379-83","https://www.x-kom.pl/g-5/c/11-procesory.html?hide_unavailable=1","","https://www.x-kom.pl/p/1101195-procesory-intel-core-i5-intel-core-i5-13400f.html","Intel Core i5-13400F","Socket 1700","https://cdn.x-kom.pl/i/setup/images/prod/big/product-new-big,,2023/1/pr_2023_1_2_8_1_22_776_02.jpg","2.5 GHz","20 MB","10 rdzeni","999,00 zł"
"1697884383-84","https://www.x-kom.pl/g-5/c/11-procesory.html?hide_unavailable=1","","https://www.x-kom.pl/p/735696-procesor-amd-ryzen-5-amd-ryzen-5-5500.html","AMD Ryzen 5 5500","Socket AM4","https://cdn.x-kom.pl/i/setup/images/prod/big/product-new-big,,2022/4/pr_2022_4_4_13_9_46_828_00.jpg","3.6 GHz","19 MB","6 rdzeni","429,00 zł"
"1697884386-85","https://www.x-kom.pl/g-5/c/11-procesory.html?hide_unavailable=1","","https://www.x-kom.pl/p/735724-procesor-amd-ryzen-7-amd-ryzen-7-5800x3d.html","AMD Ryzen 7 5800X3D","Socket AM4","https://cdn.x-kom.pl/i/setup/images/prod/big/product-new-big,,2022/4/pr_2022_4_5_15_32_46_110_00.jpg","3.4 GHz","100 MB","8 rdzeni","1 579,00 zł"
"1697884389-86","https://www.x-kom.pl/g-5/c/11-procesory.html?hide_unavailable=1","","https://www.x-kom.pl/p/1101200-procesory-intel-core-i5-intel-core-i5-13500.html","Intel Core i5-13500","Socket 1700","https://cdn.x-kom.pl/i/setup/images/prod/big/product-new-big,,2023/1/pr_2023_1_2_8_18_54_246_02.jpg","2.5 GHz","24 MB","14 rdzeni","1 199,00 zł"
"1697884392-87","https://www.x-kom.pl/g-5/c/11-procesory.html?hide_unavailable=1","","https://www.x-kom.pl/p/597430-procesor-amd-ryzen-7-amd-ryzen-7-5800x.html","AMD Ryzen 7 5800X","Socket AM4","https://cdn.x-kom.pl/i/setup/images/prod/big/product-new-big,,2020/10/pr_2020_10_9_13_47_7_306_00.jpg","3.8 GHz","36 MB","8 rdzeni","949,00 zł"
"1697884396-88","https://www.x-kom.pl/g-5/c/11-procesory.html?hide_unavailable=1","","https://www.x-kom.pl/p/1075057-procesory-intel-core-i5-intel-core-i5-13600kf.html","Intel Core i5-13600KF","Socket 1700","https://cdn.x-kom.pl/i/setup/images/prod/big/product-new-big,,2022/9/pr_2022_9_27_12_11_20_160_02.jpg","3.5 GHz","24 MB","14 rdzeni","1 499,00 zł"
"1697884399-89","https://www.x-kom.pl/g-5/c/11-procesory.html?hide_unavailable=1","","https://www.x-kom.pl/p/702238-procesory-intel-core-i5-intel-core-i5-12400f.html","Intel Core i5-12400F","Socket 1700","https://cdn.x-kom.pl/i/setup/images/prod/big/product-new-big,,2021/12/pr_2021_12_23_9_31_19_942_00.jpg","2.5 GHz","18 MB","6 rdzeni","679,00 zł"
"1697884403-90","https://www.x-kom.pl/g-5/c/11-procesory.html?hide_unavailable=1","","https://www.x-kom.pl/p/735703-procesor-amd-ryzen-5-amd-ryzen-5-5600.html","AMD Ryzen 5 5600","Socket AM4","https://cdn.x-kom.pl/i/setup/images/prod/big/product-new-big,,2022/4/pr_2022_4_4_13_1_27_284_00.jpg","3.5 GHz","35 MB","6 rdzeni","629,00 zł"
"1697884406-91","https://www.x-kom.pl/g-5/c/11-procesory.html?hide_unavailable=1","","https://www.x-kom.pl/p/735718-procesor-amd-ryzen-7-amd-ryzen-7-5700x.html","AMD Ryzen 7 5700X","Socket AM4","https://cdn.x-kom.pl/i/setup/images/prod/big/product-new-big,,2022/4/pr_2022_4_15_16_29_20_759_00.jpg","3.4 GHz","36 MB","8 rdzeni","869,00 zł"
"1697884410-92","https://www.x-kom.pl/g-5/c/11-procesory.html?hide_unavailable=1","","https://www.x-kom.pl/p/597427-procesor-amd-ryzen-5-amd-ryzen-5-5600x.html","AMD Ryzen 5 5600X","Socket AM4","https://cdn.x-kom.pl/i/setup/images/prod/big/product-new-big,,2020/10/pr_2020_10_9_12_59_29_839_00.jpg","3.7 GHz","35 MB","6 rdzeni","699,00 zł"
